points_transaction_id,student_id,action_type,points,timestamp,reference_id,is_synthetic
1,1,study_time,6,2026-04-26T10:05:00,session:1,True
2,1,study_time,7,2026-04-28T10:05:00,session:2,True
3,1,note_upload,20,2026-04-28T12:15:00,note:1:22,True
4,1,study_time,2,2026-04-29T10:05:00,session:3,True
5,1,study_time,6,2026-05-01T10:05:00,session:4,True
6,1,study_time,6,2026-05-03T10:05:00,session:5,True
7,1,note_upload,20,2026-05-03T12:15:00,note:1:27,True
8,1,study_time,6,2026-05-04T10:05:00,session:6,True
9,1,study_time,5,2026-05-10T10:05:00,session:7,True
10,1,study_time,8,2026-05-12T10:05:00,session:8,True
11,1,study_time,5,2026-05-13T10:05:00,session:9,True
12,1,study_time,5,2026-05-15T10:05:00,session:10,True
13,1,note_upload,20,2026-05-15T12:15:00,note:1:39,True
14,1,study_time,2,2026-05-19T10:05:00,session:11,True
15,1,study_time,6,2026-05-20T10:05:00,session:12,True
16,1,note_upload,20,2026-05-20T12:15:00,note:1:44,True
17,1,study_time,4,2026-05-22T10:05:00,session:13,True
18,1,study_time,7,2026-05-23T10:05:00,session:14,True
19,1,study_time,4,2026-05-24T10:05:00,session:15,True
20,1,study_time,7,2026-05-27T10:05:00,session:16,True
21,1,study_time,2,2026-05-28T10:05:00,session:17,True
22,1,study_time,6,2026-05-30T10:05:00,session:18,True
23,2,study_time,1,2026-05-03T10:05:00,session:19,True
24,2,study_time,2,2026-05-04T10:05:00,session:20,True
25,2,note_upload,20,2026-05-04T12:15:00,note:2:28,True
26,2,study_time,1,2026-05-05T10:05:00,session:21,True
27,2,study_time,2,2026-05-06T10:05:00,session:22,True
28,2,study_time,4,2026-05-09T10:05:00,session:23,True
29,2,study_time,5,2026-05-12T10:05:00,session:24,True
30,2,study_time,2,2026-05-14T10:05:00,session:25,True
31,2,note_upload,20,2026-05-14T12:15:00,note:2:38,True
32,2,study_time,5,2026-05-17T10:05:00,session:26,True
33,2,study_time,2,2026-05-26T10:05:00,session:27,True
34,2,study_time,4,2026-05-28T10:05:00,session:28,True
35,2,study_time,2,2026-05-30T10:05:00,session:29,True
36,2,note_upload,20,2026-05-30T12:15:00,note:2:54,True
37,3,study_time,5,2026-04-24T10:05:00,session:30,True
38,3,note_upload,20,2026-04-24T12:15:00,note:3:18,True
39,3,study_time,3,2026-04-27T10:05:00,session:31,True
40,3,study_time,3,2026-04-28T10:05:00,session:32,True
41,3,study_time,5,2026-04-29T10:05:00,session:33,True
42,3,study_time,2,2026-04-30T10:05:00,session:34,True
43,3,study_time,2,2026-05-02T10:05:00,session:35,True
44,3,study_time,6,2026-05-03T10:05:00,session:36,True
45,3,study_time,5,2026-05-04T10:05:00,session:37,True
46,3,note_upload,20,2026-05-04T12:15:00,note:3:28,True
47,3,study_time,2,2026-05-05T10:05:00,session:38,True
48,3,study_time,5,2026-05-07T10:05:00,session:39,True
49,3,study_time,6,2026-05-08T10:05:00,session:40,True
50,3,note_upload,20,2026-05-08T12:15:00,note:3:32,True
51,3,study_time,6,2026-05-11T10:05:00,session:41,True
52,3,study_time,2,2026-05-15T10:05:00,session:42,True
53,3,note_upload,20,2026-05-15T12:15:00,note:3:39,True
54,3,study_time,3,2026-05-17T10:05:00,session:43,True
55,3,note_upload,20,2026-05-17T12:15:00,note:3:41,True
56,3,study_time,5,2026-05-18T10:05:00,session:44,True
57,3,study_time,6,2026-05-22T10:05:00,session:45,True
58,3,study_time,5,2026-05-23T10:05:00,session:46,True
59,3,study_time,6,2026-05-24T10:05:00,session:47,True
60,3,study_time,4,2026-05-25T10:05:00,session:48,True
61,3,study_time,5,2026-05-27T10:05:00,session:49,True
62,3,note_upload,20,2026-05-27T12:15:00,note:3:51,True
63,3,study_time,3,2026-05-31T10:05:00,session:50,True
64,3,note_upload,20,2026-05-31T12:15:00,note:3:55,True
65,4,study_time,12,2026-04-14T10:05:00,session:51,True
66,4,study_time,12,2026-04-15T10:05:00,session:52,True
67,4,study_time,5,2026-04-16T10:05:00,session:53,True
68,4,study_time,13,2026-04-17T10:05:00,session:54,True
69,4,note_upload,20,2026-04-17T12:15:00,note:4:11,True
70,4,study_time,12,2026-04-19T10:05:00,session:55,True
71,4,study_time,8,2026-04-20T10:05:00,session:56,True
72,4,study_time,6,2026-04-21T10:05:00,session:57,True
73,4,note_upload,20,2026-04-21T12:15:00,note:4:15,True
74,4,study_time,6,2026-04-22T10:05:00,session:58,True
75,4,study_time,11,2026-04-24T10:05:00,session:59,True
76,4,study_time,7,2026-04-25T10:05:00,session:60,True
77,4,study_time,8,2026-04-27T10:05:00,session:61,True
78,4,study_time,7,2026-04-28T10:05:00,session:62,True
79,4,study_time,5,2026-04-29T10:05:00,session:63,True
80,4,study_time,9,2026-05-02T10:05:00,session:64,True
81,4,study_time,5,2026-05-03T10:05:00,session:65,True
82,4,study_time,5,2026-05-04T10:05:00,session:66,True
83,4,study_time,6,2026-05-05T10:05:00,session:67,True
84,4,study_time,10,2026-05-08T10:05:00,session:68,True
85,4,study_time,6,2026-05-09T10:05:00,session:69,True
86,4,study_time,7,2026-05-10T10:05:00,session:70,True
87,4,study_time,7,2026-05-11T10:05:00,session:71,True
88,4,study_time,8,2026-05-12T10:05:00,session:72,True
89,4,study_time,7,2026-05-13T10:05:00,session:73,True
90,4,study_time,9,2026-05-14T10:05:00,session:74,True
91,4,study_time,9,2026-05-15T10:05:00,session:75,True
92,4,study_time,4,2026-05-17T10:05:00,session:76,True
93,4,study_time,11,2026-05-19T10:05:00,session:77,True
94,4,study_time,7,2026-05-20T10:05:00,session:78,True
95,4,study_time,9,2026-05-21T10:05:00,session:79,True
96,4,study_time,9,2026-05-23T10:05:00,session:80,True
97,4,study_time,9,2026-05-24T10:05:00,session:81,True
98,4,note_upload,20,2026-05-24T12:15:00,note:4:48,True
99,4,study_time,9,2026-05-25T10:05:00,session:82,True
100,4,study_time,9,2026-05-26T10:05:00,session:83,True
101,4,study_time,5,2026-05-27T10:05:00,session:84,True
102,4,study_time,8,2026-05-28T10:05:00,session:85,True
103,4,study_time,4,2026-05-29T10:05:00,session:86,True
104,4,study_time,7,2026-05-30T10:05:00,session:87,True
105,4,note_upload,20,2026-05-30T12:15:00,note:4:54,True
106,4,study_time,7,2026-05-31T10:05:00,session:88,True
107,5,study_time,6,2026-04-13T10:05:00,session:89,True
108,5,note_upload,20,2026-04-13T12:15:00,note:5:7,True
109,5,study_time,5,2026-04-15T10:05:00,session:90,True
110,5,note_upload,20,2026-04-15T12:15:00,note:5:9,True
111,5,study_time,3,2026-04-18T10:05:00,session:91,True
112,5,study_time,8,2026-04-19T10:05:00,session:92,True
113,5,study_time,8,2026-04-24T10:05:00,session:93,True
114,5,study_time,8,2026-04-27T10:05:00,session:94,True
115,5,study_time,8,2026-04-28T10:05:00,session:95,True
116,5,study_time,5,2026-04-29T10:05:00,session:96,True
117,5,study_time,4,2026-05-01T10:05:00,session:97,True
118,5,note_upload,20,2026-05-01T12:15:00,note:5:25,True
119,5,study_time,5,2026-05-02T10:05:00,session:98,True
120,5,study_time,2,2026-05-03T10:05:00,session:99,True
121,5,note_upload,20,2026-05-03T12:15:00,note:5:27,True
122,5,study_time,7,2026-05-04T10:05:00,session:100,True
123,5,study_time,6,2026-05-05T10:05:00,session:101,True
124,5,study_time,5,2026-05-06T10:05:00,session:102,True
125,5,note_upload,20,2026-05-06T12:15:00,note:5:30,True
126,5,study_time,6,2026-05-09T10:05:00,session:103,True
127,5,study_time,7,2026-05-10T10:05:00,session:104,True
128,5,note_upload,20,2026-05-10T12:15:00,note:5:34,True
129,5,study_time,3,2026-05-11T10:05:00,session:105,True
130,5,study_time,2,2026-05-13T10:05:00,session:106,True
131,5,study_time,4,2026-05-14T10:05:00,session:107,True
132,5,study_time,3,2026-05-15T10:05:00,session:108,True
133,5,study_time,7,2026-05-18T10:05:00,session:109,True
134,5,study_time,7,2026-05-19T10:05:00,session:110,True
135,5,study_time,3,2026-05-21T10:05:00,session:111,True
136,5,study_time,3,2026-05-23T10:05:00,session:112,True
137,5,note_upload,20,2026-05-23T12:15:00,note:5:47,True
138,5,study_time,7,2026-05-24T10:05:00,session:113,True
139,5,study_time,5,2026-05-25T10:05:00,session:114,True
140,5,study_time,5,2026-05-26T10:05:00,session:115,True
141,5,study_time,4,2026-05-29T10:05:00,session:116,True
142,5,study_time,4,2026-05-30T10:05:00,session:117,True
143,6,study_time,5,2026-04-20T10:05:00,session:118,True
144,6,study_time,1,2026-05-07T10:05:00,session:119,True
145,6,study_time,4,2026-05-09T10:05:00,session:120,True
146,6,study_time,4,2026-05-12T10:05:00,session:121,True
147,6,note_upload,20,2026-05-12T12:15:00,note:6:36,True
148,6,study_time,1,2026-05-16T10:05:00,session:122,True
149,6,study_time,2,2026-05-20T10:05:00,session:123,True
150,6,study_time,3,2026-05-31T10:05:00,session:124,True
151,7,study_time,4,2026-04-07T10:05:00,session:125,True
152,7,study_time,5,2026-04-08T10:05:00,session:126,True
153,7,study_time,1,2026-04-09T10:05:00,session:127,True
154,7,note_upload,20,2026-04-09T12:15:00,note:7:3,True
155,7,study_time,2,2026-04-10T10:05:00,session:128,True
156,7,study_time,6,2026-04-18T10:05:00,session:129,True
157,7,study_time,5,2026-04-20T10:05:00,session:130,True
158,7,study_time,5,2026-04-22T10:05:00,session:131,True
159,7,study_time,6,2026-04-24T10:05:00,session:132,True
160,7,note_upload,20,2026-04-24T12:15:00,note:7:18,True
161,7,study_time,2,2026-04-27T10:05:00,session:133,True
162,7,study_time,3,2026-04-30T10:05:00,session:134,True
163,7,study_time,4,2026-05-02T10:05:00,session:135,True
164,7,study_time,4,2026-05-03T10:05:00,session:136,True
165,7,study_time,3,2026-05-04T10:05:00,session:137,True
166,7,study_time,1,2026-05-07T10:05:00,session:138,True
167,7,study_time,6,2026-05-11T10:05:00,session:139,True
168,7,study_time,4,2026-05-16T10:05:00,session:140,True
169,7,note_upload,20,2026-05-16T12:15:00,note:7:40,True
170,7,study_time,3,2026-05-17T10:05:00,session:141,True
171,7,study_time,6,2026-05-18T10:05:00,session:142,True
172,7,study_time,6,2026-05-23T10:05:00,session:143,True
173,7,study_time,6,2026-05-26T10:05:00,session:144,True
174,7,study_time,2,2026-05-30T10:05:00,session:145,True
175,8,study_time,12,2026-04-13T10:05:00,session:146,True
176,8,study_time,9,2026-04-14T10:05:00,session:147,True
177,8,note_upload,20,2026-04-14T12:15:00,note:8:8,True
178,8,study_time,10,2026-04-15T10:05:00,session:148,True
179,8,note_upload,20,2026-04-15T12:15:00,note:8:9,True
180,8,study_time,10,2026-04-16T10:05:00,session:149,True
181,8,study_time,11,2026-04-17T10:05:00,session:150,True
182,8,study_time,9,2026-04-18T10:05:00,session:151,True
183,8,study_time,8,2026-04-19T10:05:00,session:152,True
184,8,note_upload,20,2026-04-19T12:15:00,note:8:13,True
185,8,study_time,7,2026-04-20T10:05:00,session:153,True
186,8,study_time,12,2026-04-21T10:05:00,session:154,True
187,8,study_time,6,2026-04-22T10:05:00,session:155,True
188,8,study_time,7,2026-04-23T10:05:00,session:156,True
189,8,study_time,8,2026-04-24T10:05:00,session:157,True
190,8,study_time,11,2026-04-25T10:05:00,session:158,True
191,8,note_upload,20,2026-04-25T12:15:00,note:8:19,True
192,8,study_time,6,2026-04-26T10:05:00,session:159,True
193,8,study_time,6,2026-04-27T10:05:00,session:160,True
194,8,study_time,9,2026-04-29T10:05:00,session:161,True
195,8,study_time,7,2026-04-30T10:05:00,session:162,True
196,8,note_upload,20,2026-04-30T12:15:00,note:8:24,True
197,8,study_time,5,2026-05-01T10:05:00,session:163,True
198,8,study_time,5,2026-05-02T10:05:00,session:164,True
199,8,study_time,12,2026-05-03T10:05:00,session:165,True
200,8,study_time,10,2026-05-06T10:05:00,session:166,True
201,8,note_upload,20,2026-05-06T12:15:00,note:8:30,True
202,8,study_time,6,2026-05-07T10:05:00,session:167,True
203,8,study_time,8,2026-05-08T10:05:00,session:168,True
204,8,study_time,10,2026-05-09T10:05:00,session:169,True
205,8,study_time,12,2026-05-10T10:05:00,session:170,True
206,8,study_time,7,2026-05-11T10:05:00,session:171,True
207,8,study_time,10,2026-05-12T10:05:00,session:172,True
208,8,study_time,8,2026-05-13T10:05:00,session:173,True
209,8,study_time,10,2026-05-14T10:05:00,session:174,True
210,8,note_upload,20,2026-05-14T12:15:00,note:8:38,True
211,8,study_time,5,2026-05-15T10:05:00,session:175,True
212,8,study_time,5,2026-05-16T10:05:00,session:176,True
213,8,study_time,6,2026-05-17T10:05:00,session:177,True
214,8,study_time,9,2026-05-20T10:05:00,session:178,True
215,8,note_upload,20,2026-05-20T12:15:00,note:8:44,True
216,8,study_time,10,2026-05-21T10:05:00,session:179,True
217,8,study_time,8,2026-05-22T10:05:00,session:180,True
218,8,study_time,4,2026-05-25T10:05:00,session:181,True
219,8,study_time,4,2026-05-26T10:05:00,session:182,True
220,8,note_upload,20,2026-05-26T12:15:00,note:8:50,True
221,8,study_time,8,2026-05-27T10:05:00,session:183,True
222,8,study_time,9,2026-05-28T10:05:00,session:184,True
223,8,note_upload,20,2026-05-28T12:15:00,note:8:52,True
224,8,study_time,9,2026-05-30T10:05:00,session:185,True
225,8,study_time,11,2026-05-31T10:05:00,session:186,True
226,9,study_time,3,2026-04-10T10:05:00,session:187,True
227,9,study_time,8,2026-04-11T10:05:00,session:188,True
228,9,study_time,8,2026-04-12T10:05:00,session:189,True
229,9,note_upload,20,2026-04-12T12:15:00,note:9:6,True
230,9,study_time,5,2026-04-14T10:05:00,session:190,True
231,9,study_time,6,2026-04-15T10:05:00,session:191,True
232,9,study_time,8,2026-04-17T10:05:00,session:192,True
233,9,note_upload,20,2026-04-17T12:15:00,note:9:11,True
234,9,study_time,3,2026-04-20T10:05:00,session:193,True
235,9,study_time,6,2026-04-21T10:05:00,session:194,True
236,9,study_time,2,2026-04-23T10:05:00,session:195,True
237,9,study_time,7,2026-04-24T10:05:00,session:196,True
238,9,note_upload,20,2026-04-24T12:15:00,note:9:18,True
239,9,study_time,7,2026-04-25T10:05:00,session:197,True
240,9,study_time,6,2026-04-26T10:05:00,session:198,True
241,9,study_time,3,2026-04-27T10:05:00,session:199,True
242,9,study_time,4,2026-04-28T10:05:00,session:200,True
243,9,study_time,4,2026-04-29T10:05:00,session:201,True
244,9,study_time,8,2026-04-30T10:05:00,session:202,True
245,9,study_time,8,2026-05-04T10:05:00,session:203,True
246,9,note_upload,20,2026-05-04T12:15:00,note:9:28,True
247,9,study_time,6,2026-05-05T10:05:00,session:204,True
248,9,study_time,8,2026-05-06T10:05:00,session:205,True
249,9,study_time,3,2026-05-07T10:05:00,session:206,True
250,9,study_time,3,2026-05-08T10:05:00,session:207,True
251,9,study_time,3,2026-05-10T10:05:00,session:208,True
252,9,study_time,4,2026-05-12T10:05:00,session:209,True
253,9,note_upload,20,2026-05-12T12:15:00,note:9:36,True
254,9,study_time,6,2026-05-17T10:05:00,session:210,True
255,9,note_upload,20,2026-05-17T12:15:00,note:9:41,True
256,9,study_time,5,2026-05-18T10:05:00,session:211,True
257,9,study_time,4,2026-05-20T10:05:00,session:212,True
258,9,study_time,7,2026-05-23T10:05:00,session:213,True
259,9,study_time,7,2026-05-26T10:05:00,session:214,True
260,9,study_time,5,2026-05-27T10:05:00,session:215,True
261,9,study_time,4,2026-05-28T10:05:00,session:216,True
262,9,note_upload,20,2026-05-28T12:15:00,note:9:52,True
263,9,study_time,2,2026-05-29T10:05:00,session:217,True
264,9,study_time,4,2026-05-31T10:05:00,session:218,True
265,10,study_time,2,2026-04-22T10:05:00,session:219,True
266,10,note_upload,20,2026-04-22T12:15:00,note:10:16,True
267,10,study_time,1,2026-04-25T10:05:00,session:220,True
268,10,study_time,3,2026-04-26T10:05:00,session:221,True
269,10,note_upload,20,2026-04-26T12:15:00,note:10:20,True
270,10,study_time,1,2026-05-01T10:05:00,session:222,True
271,10,study_time,2,2026-05-09T10:05:00,session:223,True
272,10,study_time,3,2026-05-15T10:05:00,session:224,True
273,10,note_upload,20,2026-05-15T12:15:00,note:10:39,True
274,10,study_time,4,2026-05-19T10:05:00,session:225,True
275,10,note_upload,20,2026-05-19T12:15:00,note:10:43,True
276,10,study_time,1,2026-05-28T10:05:00,session:226,True
277,10,note_upload,20,2026-05-28T12:15:00,note:10:52,True
278,11,study_time,3,2026-04-24T10:05:00,session:227,True
279,11,study_time,2,2026-04-25T10:05:00,session:228,True
280,11,study_time,4,2026-04-26T10:05:00,session:229,True
281,11,study_time,2,2026-05-02T10:05:00,session:230,True
282,11,study_time,7,2026-05-05T10:05:00,session:231,True
283,11,study_time,3,2026-05-12T10:05:00,session:232,True
284,11,study_time,5,2026-05-13T10:05:00,session:233,True
285,11,note_upload,20,2026-05-13T12:15:00,note:11:37,True
286,11,study_time,2,2026-05-18T10:05:00,session:234,True
287,11,study_time,4,2026-05-21T10:05:00,session:235,True
288,11,note_upload,20,2026-05-21T12:15:00,note:11:45,True
289,11,study_time,2,2026-05-30T10:05:00,session:236,True
290,11,study_time,5,2026-05-31T10:05:00,session:237,True
291,12,study_time,5,2026-04-23T10:05:00,session:238,True
292,12,note_upload,20,2026-04-23T12:15:00,note:12:17,True
293,12,study_time,10,2026-04-24T10:05:00,session:239,True
294,12,study_time,10,2026-04-26T10:05:00,session:240,True
295,12,study_time,11,2026-04-27T10:05:00,session:241,True
296,12,study_time,5,2026-04-28T10:05:00,session:242,True
297,12,study_time,6,2026-04-29T10:05:00,session:243,True
298,12,study_time,11,2026-04-30T10:05:00,session:244,True
299,12,study_time,12,2026-05-01T10:05:00,session:245,True
300,12,study_time,11,2026-05-02T10:05:00,session:246,True
301,12,note_upload,20,2026-05-02T12:15:00,note:12:26,True
302,12,study_time,11,2026-05-03T10:05:00,session:247,True
303,12,note_upload,20,2026-05-03T12:15:00,note:12:27,True
304,12,study_time,12,2026-05-04T10:05:00,session:248,True
305,12,study_time,4,2026-05-05T10:05:00,session:249,True
306,12,note_upload,20,2026-05-05T12:15:00,note:12:29,True
307,12,study_time,7,2026-05-06T10:05:00,session:250,True
308,12,study_time,12,2026-05-07T10:05:00,session:251,True
309,12,note_upload,20,2026-05-07T12:15:00,note:12:31,True
310,12,study_time,12,2026-05-08T10:05:00,session:252,True
311,12,study_time,5,2026-05-10T10:05:00,session:253,True
312,12,study_time,7,2026-05-11T10:05:00,session:254,True
313,12,study_time,8,2026-05-12T10:05:00,session:255,True
314,12,study_time,5,2026-05-13T10:05:00,session:256,True
315,12,study_time,7,2026-05-14T10:05:00,session:257,True
316,12,note_upload,20,2026-05-14T12:15:00,note:12:38,True
317,12,study_time,6,2026-05-18T10:05:00,session:258,True
318,12,study_time,10,2026-05-19T10:05:00,session:259,True
319,12,study_time,9,2026-05-20T10:05:00,session:260,True
320,12,study_time,9,2026-05-21T10:05:00,session:261,True
321,12,note_upload,20,2026-05-21T12:15:00,note:12:45,True
322,12,study_time,11,2026-05-23T10:05:00,session:262,True
323,12,note_upload,20,2026-05-23T12:15:00,note:12:47,True
324,12,study_time,9,2026-05-25T10:05:00,session:263,True
325,12,note_upload,20,2026-05-25T12:15:00,note:12:49,True
326,12,study_time,11,2026-05-26T10:05:00,session:264,True
327,12,study_time,11,2026-05-27T10:05:00,session:265,True
328,12,study_time,6,2026-05-28T10:05:00,session:266,True
329,12,note_upload,20,2026-05-28T12:15:00,note:12:52,True
330,12,study_time,7,2026-05-30T10:05:00,session:267,True
331,12,study_time,4,2026-05-31T10:05:00,session:268,True
332,12,note_upload,20,2026-05-31T12:15:00,note:12:55,True
333,13,study_time,9,2026-04-22T10:05:00,session:269,True
334,13,note_upload,20,2026-04-22T12:15:00,note:13:16,True
335,13,study_time,7,2026-04-23T10:05:00,session:270,True
336,13,study_time,6,2026-04-24T10:05:00,session:271,True
337,13,study_time,6,2026-04-25T10:05:00,session:272,True
338,13,study_time,8,2026-04-29T10:05:00,session:273,True
339,13,study_time,3,2026-05-01T10:05:00,session:274,True
340,13,study_time,5,2026-05-03T10:05:00,session:275,True
341,13,note_upload,20,2026-05-03T12:15:00,note:13:27,True
342,13,study_time,2,2026-05-04T10:05:00,session:276,True
343,13,study_time,5,2026-05-05T10:05:00,session:277,True
344,13,study_time,6,2026-05-08T10:05:00,session:278,True
345,13,study_time,4,2026-05-09T10:05:00,session:279,True
346,13,study_time,5,2026-05-10T10:05:00,session:280,True
347,13,study_time,6,2026-05-11T10:05:00,session:281,True
348,13,study_time,6,2026-05-12T10:05:00,session:282,True
349,13,study_time,8,2026-05-13T10:05:00,session:283,True
350,13,study_time,4,2026-05-17T10:05:00,session:284,True
351,13,study_time,8,2026-05-18T10:05:00,session:285,True
352,13,study_time,5,2026-05-19T10:05:00,session:286,True
353,13,study_time,5,2026-05-20T10:05:00,session:287,True
354,13,study_time,5,2026-05-21T10:05:00,session:288,True
355,13,note_upload,20,2026-05-21T12:15:00,note:13:45,True
356,13,study_time,4,2026-05-23T10:05:00,session:289,True
357,13,study_time,6,2026-05-25T10:05:00,session:290,True
358,13,study_time,2,2026-05-27T10:05:00,session:291,True
359,14,study_time,3,2026-04-25T10:05:00,session:292,True
360,14,study_time,3,2026-05-01T10:05:00,session:293,True
361,14,study_time,1,2026-05-05T10:05:00,session:294,True
362,14,study_time,3,2026-05-06T10:05:00,session:295,True
363,14,study_time,3,2026-05-25T10:05:00,session:296,True
364,14,study_time,3,2026-05-30T10:05:00,session:297,True
365,15,study_time,1,2026-04-14T10:05:00,session:298,True
366,15,study_time,2,2026-04-15T10:05:00,session:299,True
367,15,study_time,7,2026-04-18T10:05:00,session:300,True
368,15,study_time,5,2026-04-19T10:05:00,session:301,True
369,15,study_time,4,2026-04-20T10:05:00,session:302,True
370,15,study_time,2,2026-04-24T10:05:00,session:303,True
371,15,study_time,6,2026-04-25T10:05:00,session:304,True
372,15,study_time,6,2026-04-26T10:05:00,session:305,True
373,15,study_time,1,2026-04-27T10:05:00,session:306,True
374,15,note_upload,20,2026-04-27T12:15:00,note:15:21,True
375,15,study_time,1,2026-04-29T10:05:00,session:307,True
376,15,study_time,3,2026-05-01T10:05:00,session:308,True
377,15,study_time,2,2026-05-04T10:05:00,session:309,True
378,15,study_time,3,2026-05-05T10:05:00,session:310,True
379,15,note_upload,20,2026-05-05T12:15:00,note:15:29,True
380,15,study_time,3,2026-05-11T10:05:00,session:311,True
381,15,study_time,6,2026-05-13T10:05:00,session:312,True
382,15,note_upload,20,2026-05-13T12:15:00,note:15:37,True
383,15,study_time,4,2026-05-14T10:05:00,session:313,True
384,15,study_time,3,2026-05-15T10:05:00,session:314,True
385,15,study_time,6,2026-05-17T10:05:00,session:315,True
386,15,study_time,1,2026-05-22T10:05:00,session:316,True
387,15,note_upload,20,2026-05-22T12:15:00,note:15:46,True
388,15,study_time,6,2026-05-23T10:05:00,session:317,True
389,15,study_time,3,2026-05-25T10:05:00,session:318,True
390,15,study_time,4,2026-05-27T10:05:00,session:319,True
391,15,study_time,4,2026-05-30T10:05:00,session:320,True
392,15,note_upload,20,2026-05-30T12:15:00,note:15:54,True
393,16,study_time,9,2026-04-24T10:05:00,session:321,True
394,16,study_time,7,2026-04-25T10:05:00,session:322,True
395,16,study_time,7,2026-04-26T10:05:00,session:323,True
396,16,study_time,10,2026-04-27T10:05:00,session:324,True
397,16,study_time,6,2026-04-28T10:05:00,session:325,True
398,16,study_time,5,2026-04-30T10:05:00,session:326,True
399,16,study_time,13,2026-05-01T10:05:00,session:327,True
400,16,note_upload,20,2026-05-01T12:15:00,note:16:25,True
401,16,study_time,7,2026-05-03T10:05:00,session:328,True
402,16,study_time,13,2026-05-04T10:05:00,session:329,True
403,16,study_time,4,2026-05-05T10:05:00,session:330,True
404,16,note_upload,20,2026-05-05T12:15:00,note:16:29,True
405,16,study_time,11,2026-05-06T10:05:00,session:331,True
406,16,study_time,10,2026-05-07T10:05:00,session:332,True
407,16,study_time,5,2026-05-09T10:05:00,session:333,True
408,16,study_time,9,2026-05-10T10:05:00,session:334,True
409,16,study_time,9,2026-05-11T10:05:00,session:335,True
410,16,study_time,13,2026-05-12T10:05:00,session:336,True
411,16,study_time,5,2026-05-13T10:05:00,session:337,True
412,16,study_time,12,2026-05-14T10:05:00,session:338,True
413,16,note_upload,20,2026-05-14T12:15:00,note:16:38,True
414,16,study_time,5,2026-05-16T10:05:00,session:339,True
415,16,study_time,13,2026-05-17T10:05:00,session:340,True
416,16,study_time,5,2026-05-18T10:05:00,session:341,True
417,16,study_time,4,2026-05-19T10:05:00,session:342,True
418,16,note_upload,20,2026-05-19T12:15:00,note:16:43,True
419,16,study_time,7,2026-05-20T10:05:00,session:343,True
420,16,study_time,9,2026-05-21T10:05:00,session:344,True
421,16,study_time,9,2026-05-22T10:05:00,session:345,True
422,16,study_time,6,2026-05-23T10:05:00,session:346,True
423,16,study_time,8,2026-05-24T10:05:00,session:347,True
424,16,note_upload,20,2026-05-24T12:15:00,note:16:48,True
425,16,study_time,4,2026-05-27T10:05:00,session:348,True
426,16,study_time,7,2026-05-28T10:05:00,session:349,True
427,16,study_time,13,2026-05-29T10:05:00,session:350,True
428,16,study_time,8,2026-05-30T10:05:00,session:351,True
429,16,study_time,6,2026-05-31T10:05:00,session:352,True
430,17,study_time,6,2026-04-11T10:05:00,session:353,True
431,17,study_time,3,2026-04-12T10:05:00,session:354,True
432,17,note_upload,20,2026-04-12T12:15:00,note:17:6,True
433,17,study_time,7,2026-04-14T10:05:00,session:355,True
434,17,study_time,7,2026-04-16T10:05:00,session:356,True
435,17,study_time,5,2026-04-19T10:05:00,session:357,True
436,17,study_time,8,2026-04-20T10:05:00,session:358,True
437,17,study_time,5,2026-04-21T10:05:00,session:359,True
438,17,study_time,2,2026-04-23T10:05:00,session:360,True
439,17,study_time,6,2026-04-24T10:05:00,session:361,True
440,17,study_time,7,2026-04-28T10:05:00,session:362,True
441,17,study_time,5,2026-05-02T10:05:00,session:363,True
442,17,study_time,3,2026-05-06T10:05:00,session:364,True
443,17,study_time,8,2026-05-07T10:05:00,session:365,True
444,17,note_upload,20,2026-05-07T12:15:00,note:17:31,True
445,17,study_time,7,2026-05-10T10:05:00,session:366,True
446,17,study_time,7,2026-05-12T10:05:00,session:367,True
447,17,study_time,5,2026-05-14T10:05:00,session:368,True
448,17,study_time,2,2026-05-18T10:05:00,session:369,True
449,17,note_upload,20,2026-05-18T12:15:00,note:17:42,True
450,17,study_time,5,2026-05-19T10:05:00,session:370,True
451,17,study_time,6,2026-05-21T10:05:00,session:371,True
452,17,study_time,3,2026-05-22T10:05:00,session:372,True
453,17,note_upload,20,2026-05-22T12:15:00,note:17:46,True
454,17,study_time,6,2026-05-23T10:05:00,session:373,True
455,17,study_time,6,2026-05-24T10:05:00,session:374,True
456,17,study_time,3,2026-05-26T10:05:00,session:375,True
457,17,note_upload,20,2026-05-26T12:15:00,note:17:50,True
458,17,study_time,4,2026-05-28T10:05:00,session:376,True
459,17,study_time,2,2026-05-31T10:05:00,session:377,True
460,18,study_time,5,2026-05-03T10:05:00,session:378,True
461,18,note_upload,20,2026-05-03T12:15:00,note:18:27,True
462,18,study_time,3,2026-05-18T10:05:00,session:379,True
463,18,study_time,5,2026-05-24T10:05:00,session:380,True
464,18,study_time,1,2026-05-30T10:05:00,session:381,True
465,19,study_time,4,2026-04-23T10:05:00,session:382,True
466,19,note_upload,20,2026-04-23T12:15:00,note:19:17,True
467,19,study_time,5,2026-04-24T10:05:00,session:383,True
468,19,study_time,6,2026-04-26T10:05:00,session:384,True
469,19,study_time,7,2026-04-28T10:05:00,session:385,True
470,19,note_upload,20,2026-04-28T12:15:00,note:19:22,True
471,19,study_time,1,2026-05-02T10:05:00,session:386,True
472,19,study_time,4,2026-05-03T10:05:00,session:387,True
473,19,study_time,4,2026-05-07T10:05:00,session:388,True
474,19,study_time,4,2026-05-09T10:05:00,session:389,True
475,19,study_time,3,2026-05-10T10:05:00,session:390,True
476,19,study_time,5,2026-05-12T10:05:00,session:391,True
477,19,study_time,6,2026-05-14T10:05:00,session:392,True
478,19,note_upload,20,2026-05-14T12:15:00,note:19:38,True
479,19,study_time,3,2026-05-18T10:05:00,session:393,True
480,19,study_time,2,2026-05-22T10:05:00,session:394,True
481,19,note_upload,20,2026-05-22T12:15:00,note:19:46,True
482,19,study_time,2,2026-05-23T10:05:00,session:395,True
483,19,study_time,3,2026-05-24T10:05:00,session:396,True
484,19,study_time,2,2026-05-26T10:05:00,session:397,True
485,19,study_time,3,2026-05-27T10:05:00,session:398,True
486,19,note_upload,20,2026-05-27T12:15:00,note:19:51,True
487,19,study_time,4,2026-05-29T10:05:00,session:399,True
488,19,study_time,3,2026-05-30T10:05:00,session:400,True
489,19,study_time,4,2026-05-31T10:05:00,session:401,True
490,20,study_time,5,2026-04-12T10:05:00,session:402,True
491,20,note_upload,20,2026-04-12T12:15:00,note:20:6,True
492,20,study_time,9,2026-04-13T10:05:00,session:403,True
493,20,study_time,7,2026-04-14T10:05:00,session:404,True
494,20,study_time,13,2026-04-15T10:05:00,session:405,True
495,20,note_upload,20,2026-04-15T12:15:00,note:20:9,True
496,20,study_time,9,2026-04-17T10:05:00,session:406,True
497,20,study_time,5,2026-04-18T10:05:00,session:407,True
498,20,study_time,4,2026-04-19T10:05:00,session:408,True
499,20,study_time,11,2026-04-20T10:05:00,session:409,True
500,20,study_time,10,2026-04-21T10:05:00,session:410,True
501,20,study_time,5,2026-04-22T10:05:00,session:411,True
502,20,note_upload,20,2026-04-22T12:15:00,note:20:16,True
503,20,study_time,10,2026-04-24T10:05:00,session:412,True
504,20,study_time,12,2026-04-25T10:05:00,session:413,True
505,20,study_time,8,2026-04-26T10:05:00,session:414,True
506,20,note_upload,20,2026-04-26T12:15:00,note:20:20,True
507,20,study_time,12,2026-04-28T10:05:00,session:415,True
508,20,study_time,8,2026-04-29T10:05:00,session:416,True
509,20,study_time,8,2026-05-02T10:05:00,session:417,True
510,20,study_time,4,2026-05-03T10:05:00,session:418,True
511,20,study_time,8,2026-05-04T10:05:00,session:419,True
512,20,study_time,6,2026-05-05T10:05:00,session:420,True
513,20,study_time,4,2026-05-07T10:05:00,session:421,True
514,20,study_time,7,2026-05-08T10:05:00,session:422,True
515,20,study_time,10,2026-05-09T10:05:00,session:423,True
516,20,study_time,6,2026-05-10T10:05:00,session:424,True
517,20,study_time,5,2026-05-11T10:05:00,session:425,True
518,20,study_time,4,2026-05-12T10:05:00,session:426,True
519,20,study_time,6,2026-05-13T10:05:00,session:427,True
520,20,note_upload,20,2026-05-13T12:15:00,note:20:37,True
521,20,study_time,12,2026-05-14T10:05:00,session:428,True
522,20,study_time,6,2026-05-16T10:05:00,session:429,True
523,20,study_time,11,2026-05-17T10:05:00,session:430,True
524,20,study_time,10,2026-05-18T10:05:00,session:431,True
525,20,study_time,5,2026-05-19T10:05:00,session:432,True
526,20,study_time,8,2026-05-20T10:05:00,session:433,True
527,20,study_time,10,2026-05-21T10:05:00,session:434,True
528,20,study_time,11,2026-05-22T10:05:00,session:435,True
529,20,study_time,13,2026-05-24T10:05:00,session:436,True
530,20,study_time,12,2026-05-25T10:05:00,session:437,True
531,20,study_time,7,2026-05-26T10:05:00,session:438,True
532,20,study_time,8,2026-05-28T10:05:00,session:439,True
533,20,note_upload,20,2026-05-28T12:15:00,note:20:52,True
534,20,study_time,9,2026-05-30T10:05:00,session:440,True
535,20,study_time,10,2026-05-31T10:05:00,session:441,True
536,20,note_upload,20,2026-05-31T12:15:00,note:20:55,True
537,21,study_time,6,2026-04-11T10:05:00,session:442,True
538,21,study_time,3,2026-04-13T10:05:00,session:443,True
539,21,note_upload,20,2026-04-13T12:15:00,note:21:7,True
540,21,study_time,7,2026-04-14T10:05:00,session:444,True
541,21,study_time,4,2026-04-15T10:05:00,session:445,True
542,21,note_upload,20,2026-04-15T12:15:00,note:21:9,True
543,21,study_time,3,2026-04-16T10:05:00,session:446,True
544,21,note_upload,20,2026-04-16T12:15:00,note:21:10,True
545,21,study_time,5,2026-04-17T10:05:00,session:447,True
546,21,study_time,6,2026-04-18T10:05:00,session:448,True
547,21,study_time,7,2026-04-19T10:05:00,session:449,True
548,21,study_time,5,2026-04-22T10:05:00,session:450,True
549,21,note_upload,20,2026-04-22T12:15:00,note:21:16,True
550,21,study_time,3,2026-04-23T10:05:00,session:451,True
551,21,study_time,3,2026-04-24T10:05:00,session:452,True
552,21,note_upload,20,2026-04-24T12:15:00,note:21:18,True
553,21,study_time,8,2026-04-26T10:05:00,session:453,True
554,21,note_upload,20,2026-04-26T12:15:00,note:21:20,True
555,21,study_time,7,2026-04-27T10:05:00,session:454,True
556,21,study_time,7,2026-04-28T10:05:00,session:455,True
557,21,note_upload,20,2026-04-28T12:15:00,note:21:22,True
558,21,study_time,4,2026-04-29T10:05:00,session:456,True
559,21,note_upload,20,2026-04-29T12:15:00,note:21:23,True
560,21,study_time,6,2026-04-30T10:05:00,session:457,True
561,21,study_time,3,2026-05-01T10:05:00,session:458,True
562,21,study_time,2,2026-05-03T10:05:00,session:459,True
563,21,study_time,8,2026-05-04T10:05:00,session:460,True
564,21,study_time,5,2026-05-05T10:05:00,session:461,True
565,21,note_upload,20,2026-05-05T12:15:00,note:21:29,True
566,21,study_time,6,2026-05-06T10:05:00,session:462,True
567,21,note_upload,20,2026-05-06T12:15:00,note:21:30,True
568,21,study_time,5,2026-05-07T10:05:00,session:463,True
569,21,study_time,3,2026-05-08T10:05:00,session:464,True
570,21,study_time,4,2026-05-10T10:05:00,session:465,True
571,21,note_upload,20,2026-05-10T12:15:00,note:21:34,True
572,21,study_time,4,2026-05-13T10:05:00,session:466,True
573,21,study_time,4,2026-05-14T10:05:00,session:467,True
574,21,study_time,5,2026-05-16T10:05:00,session:468,True
575,21,study_time,2,2026-05-18T10:05:00,session:469,True
576,21,note_upload,20,2026-05-18T12:15:00,note:21:42,True
577,21,study_time,3,2026-05-19T10:05:00,session:470,True
578,21,study_time,6,2026-05-22T10:05:00,session:471,True
579,21,study_time,7,2026-05-25T10:05:00,session:472,True
580,21,study_time,6,2026-05-26T10:05:00,session:473,True
581,21,study_time,6,2026-05-30T10:05:00,session:474,True
582,21,study_time,3,2026-05-31T10:05:00,session:475,True
583,22,study_time,3,2026-04-08T10:05:00,session:476,True
584,22,note_upload,20,2026-04-08T12:15:00,note:22:2,True
585,22,study_time,5,2026-04-09T10:05:00,session:477,True
586,22,study_time,1,2026-04-11T10:05:00,session:478,True
587,22,study_time,4,2026-04-16T10:05:00,session:479,True
588,22,study_time,1,2026-04-18T10:05:00,session:480,True
589,22,study_time,2,2026-04-19T10:05:00,session:481,True
590,22,study_time,4,2026-04-21T10:05:00,session:482,True
591,22,study_time,2,2026-04-25T10:05:00,session:483,True
592,22,study_time,4,2026-04-28T10:05:00,session:484,True
593,22,study_time,1,2026-04-29T10:05:00,session:485,True
594,22,study_time,2,2026-05-01T10:05:00,session:486,True
595,22,note_upload,20,2026-05-01T12:15:00,note:22:25,True
596,22,study_time,2,2026-05-08T10:05:00,session:487,True
597,22,study_time,5,2026-05-16T10:05:00,session:488,True
598,22,note_upload,20,2026-05-16T12:15:00,note:22:40,True
599,22,study_time,2,2026-05-19T10:05:00,session:489,True
600,22,study_time,3,2026-05-20T10:05:00,session:490,True
601,22,note_upload,20,2026-05-20T12:15:00,note:22:44,True
602,22,study_time,5,2026-05-21T10:05:00,session:491,True
603,22,note_upload,20,2026-05-21T12:15:00,note:22:45,True
604,22,study_time,5,2026-05-26T10:05:00,session:492,True
605,22,study_time,4,2026-05-28T10:05:00,session:493,True
606,22,study_time,1,2026-05-29T10:05:00,session:494,True
607,23,study_time,4,2026-04-22T10:05:00,session:495,True
608,23,note_upload,20,2026-04-22T12:15:00,note:23:16,True
609,23,study_time,6,2026-04-26T10:05:00,session:496,True
610,23,study_time,6,2026-05-02T10:05:00,session:497,True
611,23,study_time,6,2026-05-04T10:05:00,session:498,True
612,23,note_upload,20,2026-05-04T12:15:00,note:23:28,True
613,23,study_time,6,2026-05-05T10:05:00,session:499,True
614,23,study_time,2,2026-05-06T10:05:00,session:500,True
615,23,study_time,4,2026-05-07T10:05:00,session:501,True
616,23,note_upload,20,2026-05-07T12:15:00,note:23:31,True
617,23,study_time,3,2026-05-08T10:05:00,session:502,True
618,23,study_time,4,2026-05-10T10:05:00,session:503,True
619,23,study_time,1,2026-05-13T10:05:00,session:504,True
620,23,study_time,4,2026-05-16T10:05:00,session:505,True
621,23,study_time,3,2026-05-22T10:05:00,session:506,True
622,23,study_time,3,2026-05-23T10:05:00,session:507,True
623,23,study_time,2,2026-05-24T10:05:00,session:508,True
624,23,note_upload,20,2026-05-24T12:15:00,note:23:48,True
625,23,study_time,5,2026-05-27T10:05:00,session:509,True
626,23,note_upload,20,2026-05-27T12:15:00,note:23:51,True
627,23,study_time,6,2026-05-29T10:05:00,session:510,True
628,23,study_time,4,2026-05-30T10:05:00,session:511,True
629,24,study_time,8,2026-04-25T10:05:00,session:512,True
630,24,study_time,8,2026-04-26T10:05:00,session:513,True
631,24,study_time,4,2026-04-27T10:05:00,session:514,True
632,24,study_time,11,2026-04-29T10:05:00,session:515,True
633,24,study_time,6,2026-05-01T10:05:00,session:516,True
634,24,study_time,5,2026-05-02T10:05:00,session:517,True
635,24,study_time,11,2026-05-03T10:05:00,session:518,True
636,24,study_time,7,2026-05-05T10:05:00,session:519,True
637,24,study_time,11,2026-05-06T10:05:00,session:520,True
638,24,study_time,12,2026-05-07T10:05:00,session:521,True
639,24,study_time,6,2026-05-08T10:05:00,session:522,True
640,24,study_time,8,2026-05-09T10:05:00,session:523,True
641,24,study_time,7,2026-05-10T10:05:00,session:524,True
642,24,study_time,6,2026-05-12T10:05:00,session:525,True
643,24,study_time,6,2026-05-13T10:05:00,session:526,True
644,24,study_time,6,2026-05-14T10:05:00,session:527,True
645,24,study_time,10,2026-05-15T10:05:00,session:528,True
646,24,study_time,7,2026-05-17T10:05:00,session:529,True
647,24,study_time,4,2026-05-19T10:05:00,session:530,True
648,24,study_time,13,2026-05-20T10:05:00,session:531,True
649,24,study_time,12,2026-05-21T10:05:00,session:532,True
650,24,study_time,8,2026-05-22T10:05:00,session:533,True
651,24,study_time,10,2026-05-23T10:05:00,session:534,True
652,24,study_time,10,2026-05-24T10:05:00,session:535,True
653,24,study_time,7,2026-05-25T10:05:00,session:536,True
654,24,study_time,10,2026-05-26T10:05:00,session:537,True
655,24,note_upload,20,2026-05-26T12:15:00,note:24:50,True
656,24,study_time,4,2026-05-27T10:05:00,session:538,True
657,24,study_time,12,2026-05-28T10:05:00,session:539,True
658,24,note_upload,20,2026-05-28T12:15:00,note:24:52,True
659,24,study_time,12,2026-05-29T10:05:00,session:540,True
660,24,study_time,9,2026-05-30T10:05:00,session:541,True
661,24,note_upload,20,2026-05-30T12:15:00,note:24:54,True
662,24,study_time,13,2026-05-31T10:05:00,session:542,True
663,25,study_time,5,2026-04-27T10:05:00,session:543,True
664,25,study_time,3,2026-04-28T10:05:00,session:544,True
665,25,study_time,3,2026-04-29T10:05:00,session:545,True
666,25,study_time,4,2026-05-02T10:05:00,session:546,True
667,25,note_upload,20,2026-05-02T12:15:00,note:25:26,True
668,25,study_time,8,2026-05-03T10:05:00,session:547,True
669,25,study_time,3,2026-05-04T10:05:00,session:548,True
670,25,study_time,3,2026-05-05T10:05:00,session:549,True
671,25,study_time,5,2026-05-06T10:05:00,session:550,True
672,25,study_time,4,2026-05-08T10:05:00,session:551,True
673,25,study_time,6,2026-05-09T10:05:00,session:552,True
674,25,study_time,4,2026-05-10T10:05:00,session:553,True
675,25,study_time,3,2026-05-12T10:05:00,session:554,True
676,25,study_time,8,2026-05-13T10:05:00,session:555,True
677,25,study_time,3,2026-05-16T10:05:00,session:556,True
678,25,study_time,8,2026-05-17T10:05:00,session:557,True
679,25,study_time,7,2026-05-18T10:05:00,session:558,True
680,25,study_time,8,2026-05-21T10:05:00,session:559,True
681,25,note_upload,20,2026-05-21T12:15:00,note:25:45,True
682,25,study_time,5,2026-05-22T10:05:00,session:560,True
683,25,study_time,5,2026-05-23T10:05:00,session:561,True
684,25,study_time,3,2026-05-24T10:05:00,session:562,True
685,25,study_time,7,2026-05-25T10:05:00,session:563,True
686,25,note_upload,20,2026-05-25T12:15:00,note:25:49,True
687,25,study_time,4,2026-05-27T10:05:00,session:564,True
688,25,study_time,4,2026-05-28T10:05:00,session:565,True
689,25,note_upload,20,2026-05-28T12:15:00,note:25:52,True
690,25,study_time,6,2026-05-29T10:05:00,session:566,True
691,25,note_upload,20,2026-05-29T12:15:00,note:25:53,True
692,25,study_time,5,2026-05-30T10:05:00,session:567,True
693,25,note_upload,20,2026-05-30T12:15:00,note:25:54,True
694,26,study_time,1,2026-04-23T10:05:00,session:568,True
695,26,study_time,5,2026-05-01T10:05:00,session:569,True
696,26,study_time,5,2026-05-10T10:05:00,session:570,True
697,26,study_time,4,2026-05-13T10:05:00,session:571,True
698,26,note_upload,20,2026-05-13T12:15:00,note:26:37,True
699,26,study_time,5,2026-05-18T10:05:00,session:572,True
700,26,study_time,3,2026-05-23T10:05:00,session:573,True
701,26,study_time,4,2026-05-27T10:05:00,session:574,True
702,27,study_time,6,2026-04-26T10:05:00,session:575,True
703,27,study_time,2,2026-04-27T10:05:00,session:576,True
704,27,note_upload,20,2026-04-27T12:15:00,note:27:21,True
705,27,study_time,6,2026-05-01T10:05:00,session:577,True
706,27,study_time,5,2026-05-03T10:05:00,session:578,True
707,27,study_time,5,2026-05-04T10:05:00,session:579,True
708,27,note_upload,20,2026-05-04T12:15:00,note:27:28,True
709,27,study_time,6,2026-05-05T10:05:00,session:580,True
710,27,study_time,6,2026-05-06T10:05:00,session:581,True
711,27,study_time,5,2026-05-16T10:05:00,session:582,True
712,27,study_time,2,2026-05-22T10:05:00,session:583,True
713,27,study_time,3,2026-05-26T10:05:00,session:584,True
714,27,note_upload,20,2026-05-26T12:15:00,note:27:50,True
715,27,study_time,5,2026-05-29T10:05:00,session:585,True
716,28,study_time,5,2026-04-16T10:05:00,session:586,True
717,28,study_time,11,2026-04-17T10:05:00,session:587,True
718,28,study_time,12,2026-04-19T10:05:00,session:588,True
719,28,note_upload,20,2026-04-19T12:15:00,note:28:13,True
720,28,study_time,12,2026-04-21T10:05:00,session:589,True
721,28,note_upload,20,2026-04-21T12:15:00,note:28:15,True
722,28,study_time,13,2026-04-22T10:05:00,session:590,True
723,28,study_time,10,2026-04-24T10:05:00,session:591,True
724,28,study_time,6,2026-04-25T10:05:00,session:592,True
725,28,note_upload,20,2026-04-25T12:15:00,note:28:19,True
726,28,study_time,5,2026-04-26T10:05:00,session:593,True
727,28,note_upload,20,2026-04-26T12:15:00,note:28:20,True
728,28,study_time,11,2026-04-27T10:05:00,session:594,True
729,28,study_time,10,2026-04-28T10:05:00,session:595,True
730,28,study_time,13,2026-04-29T10:05:00,session:596,True
731,28,note_upload,20,2026-04-29T12:15:00,note:28:23,True
732,28,study_time,11,2026-04-30T10:05:00,session:597,True
733,28,note_upload,20,2026-04-30T12:15:00,note:28:24,True
734,28,study_time,10,2026-05-01T10:05:00,session:598,True
735,28,note_upload,20,2026-05-01T12:15:00,note:28:25,True
736,28,study_time,5,2026-05-02T10:05:00,session:599,True
737,28,study_time,12,2026-05-03T10:05:00,session:600,True
738,28,note_upload,20,2026-05-03T12:15:00,note:28:27,True
739,28,study_time,9,2026-05-04T10:05:00,session:601,True
740,28,study_time,12,2026-05-05T10:05:00,session:602,True
741,28,note_upload,20,2026-05-05T12:15:00,note:28:29,True
742,28,study_time,9,2026-05-07T10:05:00,session:603,True
743,28,study_time,5,2026-05-08T10:05:00,session:604,True
744,28,note_upload,20,2026-05-08T12:15:00,note:28:32,True
745,28,study_time,5,2026-05-09T10:05:00,session:605,True
746,28,study_time,6,2026-05-12T10:05:00,session:606,True
747,28,study_time,6,2026-05-13T10:05:00,session:607,True
748,28,study_time,11,2026-05-14T10:05:00,session:608,True
749,28,study_time,5,2026-05-15T10:05:00,session:609,True
750,28,study_time,8,2026-05-16T10:05:00,session:610,True
751,28,study_time,8,2026-05-17T10:05:00,session:611,True
752,28,study_time,10,2026-05-18T10:05:00,session:612,True
753,28,study_time,6,2026-05-19T10:05:00,session:613,True
754,28,study_time,9,2026-05-20T10:05:00,session:614,True
755,28,note_upload,20,2026-05-20T12:15:00,note:28:44,True
756,28,study_time,12,2026-05-21T10:05:00,session:615,True
757,28,study_time,8,2026-05-22T10:05:00,session:616,True
758,28,study_time,8,2026-05-23T10:05:00,session:617,True
759,28,study_time,8,2026-05-24T10:05:00,session:618,True
760,28,study_time,12,2026-05-25T10:05:00,session:619,True
761,28,note_upload,20,2026-05-25T12:15:00,note:28:49,True
762,28,study_time,7,2026-05-28T10:05:00,session:620,True
763,28,study_time,11,2026-05-29T10:05:00,session:621,True
764,28,study_time,7,2026-05-30T10:05:00,session:622,True
765,29,study_time,7,2026-04-22T10:05:00,session:623,True
766,29,study_time,4,2026-04-25T10:05:00,session:624,True
767,29,note_upload,20,2026-04-25T12:15:00,note:29:19,True
768,29,study_time,5,2026-04-28T10:05:00,session:625,True
769,29,study_time,3,2026-04-29T10:05:00,session:626,True
770,29,study_time,6,2026-05-02T10:05:00,session:627,True
771,29,note_upload,20,2026-05-02T12:15:00,note:29:26,True
772,29,study_time,4,2026-05-04T10:05:00,session:628,True
773,29,study_time,5,2026-05-06T10:05:00,session:629,True
774,29,study_time,7,2026-05-07T10:05:00,session:630,True
775,29,study_time,5,2026-05-09T10:05:00,session:631,True
776,29,note_upload,20,2026-05-09T12:15:00,note:29:33,True
777,29,study_time,4,2026-05-10T10:05:00,session:632,True
778,29,note_upload,20,2026-05-10T12:15:00,note:29:34,True
779,29,study_time,6,2026-05-12T10:05:00,session:633,True
780,29,study_time,5,2026-05-13T10:05:00,session:634,True
781,29,study_time,5,2026-05-14T10:05:00,session:635,True
782,29,note_upload,20,2026-05-14T12:15:00,note:29:38,True
783,29,study_time,9,2026-05-15T10:05:00,session:636,True
784,29,note_upload,20,2026-05-15T12:15:00,note:29:39,True
785,29,study_time,5,2026-05-16T10:05:00,session:637,True
786,29,study_time,2,2026-05-17T10:05:00,session:638,True
787,29,study_time,8,2026-05-19T10:05:00,session:639,True
788,29,study_time,4,2026-05-22T10:05:00,session:640,True
789,29,study_time,3,2026-05-24T10:05:00,session:641,True
790,29,note_upload,20,2026-05-24T12:15:00,note:29:48,True
791,29,study_time,2,2026-05-27T10:05:00,session:642,True
792,29,study_time,2,2026-05-29T10:05:00,session:643,True
793,29,study_time,3,2026-05-31T10:05:00,session:644,True
794,30,study_time,1,2026-04-24T10:05:00,session:645,True
795,30,study_time,5,2026-04-27T10:05:00,session:646,True
796,30,study_time,1,2026-04-28T10:05:00,session:647,True
797,30,study_time,5,2026-05-08T10:05:00,session:648,True
798,30,note_upload,20,2026-05-08T12:15:00,note:30:32,True
799,30,study_time,3,2026-05-12T10:05:00,session:649,True
800,30,study_time,1,2026-05-15T10:05:00,session:650,True
801,30,study_time,2,2026-05-18T10:05:00,session:651,True
802,30,study_time,5,2026-05-19T10:05:00,session:652,True
803,30,study_time,4,2026-05-20T10:05:00,session:653,True
804,30,study_time,1,2026-05-27T10:05:00,session:654,True
805,30,study_time,2,2026-05-30T10:05:00,session:655,True
806,30,study_time,2,2026-05-31T10:05:00,session:656,True
