event_id,student_id,event_date,feature_name,event_type,is_synthetic
1,1,2026-04-26,study_room,session_started,True
2,1,2026-04-26,dashboard,page_view,True
3,1,2026-04-28,study_room,session_started,True
4,1,2026-04-28,notes,note_uploaded,True
5,1,2026-04-28,dashboard,page_view,True
6,1,2026-04-29,study_room,session_started,True
7,1,2026-05-01,study_room,session_started,True
8,1,2026-05-01,dashboard,page_view,True
9,1,2026-05-02,dashboard,page_view,True
10,1,2026-05-03,study_room,session_started,True
11,1,2026-05-03,notes,note_uploaded,True
12,1,2026-05-04,study_room,session_started,True
13,1,2026-05-10,study_room,session_started,True
14,1,2026-05-12,study_room,session_started,True
15,1,2026-05-13,study_room,session_started,True
16,1,2026-05-14,promotions,page_view,True
17,1,2026-05-15,study_room,session_started,True
18,1,2026-05-15,notes,note_uploaded,True
19,1,2026-05-19,study_room,session_started,True
20,1,2026-05-20,study_room,session_started,True
21,1,2026-05-20,notes,note_uploaded,True
22,1,2026-05-22,study_room,session_started,True
23,1,2026-05-23,study_room,session_started,True
24,1,2026-05-24,study_room,session_started,True
25,1,2026-05-24,dashboard,page_view,True
26,1,2026-05-25,dashboard,page_view,True
27,1,2026-05-27,study_room,session_started,True
28,1,2026-05-28,study_room,session_started,True
29,1,2026-05-28,promotions,page_view,True
30,1,2026-05-30,study_room,session_started,True
31,2,2026-04-15,promotions,page_view,True
32,2,2026-04-17,dashboard,page_view,True
33,2,2026-04-19,rewards,page_view,True
34,2,2026-04-20,rewards,page_view,True
35,2,2026-04-22,promotions,page_view,True
36,2,2026-04-23,rewards,page_view,True
37,2,2026-04-25,promotions,page_view,True
38,2,2026-04-28,promotions,page_view,True
39,2,2026-05-03,study_room,session_started,True
40,2,2026-05-04,study_room,session_started,True
41,2,2026-05-04,notes,note_uploaded,True
42,2,2026-05-05,study_room,session_started,True
43,2,2026-05-06,study_room,session_started,True
44,2,2026-05-09,study_room,session_started,True
45,2,2026-05-09,dashboard,page_view,True
46,2,2026-05-12,study_room,session_started,True
47,2,2026-05-12,rewards,page_view,True
48,2,2026-05-14,study_room,session_started,True
49,2,2026-05-14,notes,note_uploaded,True
50,2,2026-05-15,dashboard,page_view,True
51,2,2026-05-16,promotions,page_view,True
52,2,2026-05-17,study_room,session_started,True
53,2,2026-05-19,rewards,page_view,True
54,2,2026-05-21,dashboard,page_view,True
55,2,2026-05-22,rewards,page_view,True
56,2,2026-05-26,study_room,session_started,True
57,2,2026-05-28,study_room,session_started,True
58,2,2026-05-29,promotions,page_view,True
59,2,2026-05-30,study_room,session_started,True
60,2,2026-05-30,notes,note_uploaded,True
61,2,2026-05-30,dashboard,page_view,True
62,3,2026-04-24,study_room,session_started,True
63,3,2026-04-24,notes,note_uploaded,True
64,3,2026-04-24,promotions,page_view,True
65,3,2026-04-26,promotions,page_view,True
66,3,2026-04-27,study_room,session_started,True
67,3,2026-04-28,study_room,session_started,True
68,3,2026-04-29,study_room,session_started,True
69,3,2026-04-30,study_room,session_started,True
70,3,2026-04-30,rewards,page_view,True
71,3,2026-05-02,study_room,session_started,True
72,3,2026-05-03,study_room,session_started,True
73,3,2026-05-03,promotions,page_view,True
74,3,2026-05-04,study_room,session_started,True
75,3,2026-05-04,notes,note_uploaded,True
76,3,2026-05-05,study_room,session_started,True
77,3,2026-05-05,rewards,page_view,True
78,3,2026-05-07,study_room,session_started,True
79,3,2026-05-08,study_room,session_started,True
80,3,2026-05-08,notes,note_uploaded,True
81,3,2026-05-09,rewards,page_view,True
82,3,2026-05-11,study_room,session_started,True
83,3,2026-05-12,promotions,page_view,True
84,3,2026-05-15,study_room,session_started,True
85,3,2026-05-15,notes,note_uploaded,True
86,3,2026-05-17,study_room,session_started,True
87,3,2026-05-17,notes,note_uploaded,True
88,3,2026-05-17,dashboard,page_view,True
89,3,2026-05-18,study_room,session_started,True
90,3,2026-05-19,dashboard,page_view,True
91,3,2026-05-22,study_room,session_started,True
92,3,2026-05-23,study_room,session_started,True
93,3,2026-05-24,study_room,session_started,True
94,3,2026-05-25,study_room,session_started,True
95,3,2026-05-26,dashboard,page_view,True
96,3,2026-05-27,study_room,session_started,True
97,3,2026-05-27,notes,note_uploaded,True
98,3,2026-05-27,dashboard,page_view,True
99,3,2026-05-28,promotions,page_view,True
100,3,2026-05-30,dashboard,page_view,True
101,3,2026-05-31,study_room,session_started,True
102,3,2026-05-31,notes,note_uploaded,True
103,4,2026-04-14,study_room,session_started,True
104,4,2026-04-15,study_room,session_started,True
105,4,2026-04-15,promotions,page_view,True
106,4,2026-04-16,study_room,session_started,True
107,4,2026-04-16,promotions,page_view,True
108,4,2026-04-17,study_room,session_started,True
109,4,2026-04-17,notes,note_uploaded,True
110,4,2026-04-19,study_room,session_started,True
111,4,2026-04-20,study_room,session_started,True
112,4,2026-04-20,promotions,page_view,True
113,4,2026-04-21,study_room,session_started,True
114,4,2026-04-21,notes,note_uploaded,True
115,4,2026-04-22,study_room,session_started,True
116,4,2026-04-22,promotions,page_view,True
117,4,2026-04-23,dashboard,page_view,True
118,4,2026-04-24,study_room,session_started,True
119,4,2026-04-24,rewards,page_view,True
120,4,2026-04-25,study_room,session_started,True
121,4,2026-04-27,study_room,session_started,True
122,4,2026-04-28,study_room,session_started,True
123,4,2026-04-28,dashboard,page_view,True
124,4,2026-04-29,study_room,session_started,True
125,4,2026-04-30,rewards,page_view,True
126,4,2026-05-02,study_room,session_started,True
127,4,2026-05-02,promotions,page_view,True
128,4,2026-05-03,study_room,session_started,True
129,4,2026-05-03,promotions,page_view,True
130,4,2026-05-04,study_room,session_started,True
131,4,2026-05-05,study_room,session_started,True
132,4,2026-05-08,study_room,session_started,True
133,4,2026-05-09,study_room,session_started,True
134,4,2026-05-10,study_room,session_started,True
135,4,2026-05-10,promotions,page_view,True
136,4,2026-05-11,study_room,session_started,True
137,4,2026-05-11,rewards,page_view,True
138,4,2026-05-12,study_room,session_started,True
139,4,2026-05-13,study_room,session_started,True
140,4,2026-05-13,dashboard,page_view,True
141,4,2026-05-14,study_room,session_started,True
142,4,2026-05-15,study_room,session_started,True
143,4,2026-05-16,promotions,page_view,True
144,4,2026-05-17,study_room,session_started,True
145,4,2026-05-17,rewards,page_view,True
146,4,2026-05-19,study_room,session_started,True
147,4,2026-05-20,study_room,session_started,True
148,4,2026-05-20,rewards,page_view,True
149,4,2026-05-21,study_room,session_started,True
150,4,2026-05-23,study_room,session_started,True
151,4,2026-05-24,study_room,session_started,True
152,4,2026-05-24,notes,note_uploaded,True
153,4,2026-05-25,study_room,session_started,True
154,4,2026-05-26,study_room,session_started,True
155,4,2026-05-27,study_room,session_started,True
156,4,2026-05-28,study_room,session_started,True
157,4,2026-05-28,promotions,page_view,True
158,4,2026-05-29,study_room,session_started,True
159,4,2026-05-29,dashboard,page_view,True
160,4,2026-05-30,study_room,session_started,True
161,4,2026-05-30,notes,note_uploaded,True
162,4,2026-05-31,study_room,session_started,True
163,4,2026-05-31,rewards,page_view,True
164,5,2026-04-13,study_room,session_started,True
165,5,2026-04-13,notes,note_uploaded,True
166,5,2026-04-13,rewards,page_view,True
167,5,2026-04-15,study_room,session_started,True
168,5,2026-04-15,notes,note_uploaded,True
169,5,2026-04-16,rewards,page_view,True
170,5,2026-04-18,study_room,session_started,True
171,5,2026-04-19,study_room,session_started,True
172,5,2026-04-19,rewards,page_view,True
173,5,2026-04-20,rewards,page_view,True
174,5,2026-04-24,study_room,session_started,True
175,5,2026-04-25,dashboard,page_view,True
176,5,2026-04-26,rewards,page_view,True
177,5,2026-04-27,study_room,session_started,True
178,5,2026-04-28,study_room,session_started,True
179,5,2026-04-28,dashboard,page_view,True
180,5,2026-04-29,study_room,session_started,True
181,5,2026-04-30,dashboard,page_view,True
182,5,2026-05-01,study_room,session_started,True
183,5,2026-05-01,notes,note_uploaded,True
184,5,2026-05-02,study_room,session_started,True
185,5,2026-05-03,study_room,session_started,True
186,5,2026-05-03,notes,note_uploaded,True
187,5,2026-05-03,promotions,page_view,True
188,5,2026-05-04,study_room,session_started,True
189,5,2026-05-05,study_room,session_started,True
190,5,2026-05-06,study_room,session_started,True
191,5,2026-05-06,notes,note_uploaded,True
192,5,2026-05-06,dashboard,page_view,True
193,5,2026-05-08,promotions,page_view,True
194,5,2026-05-09,study_room,session_started,True
195,5,2026-05-10,study_room,session_started,True
196,5,2026-05-10,notes,note_uploaded,True
197,5,2026-05-10,promotions,page_view,True
198,5,2026-05-11,study_room,session_started,True
199,5,2026-05-12,rewards,page_view,True
200,5,2026-05-13,study_room,session_started,True
201,5,2026-05-14,study_room,session_started,True
202,5,2026-05-14,rewards,page_view,True
203,5,2026-05-15,study_room,session_started,True
204,5,2026-05-15,promotions,page_view,True
205,5,2026-05-16,promotions,page_view,True
206,5,2026-05-17,dashboard,page_view,True
207,5,2026-05-18,study_room,session_started,True
208,5,2026-05-19,study_room,session_started,True
209,5,2026-05-21,study_room,session_started,True
210,5,2026-05-22,dashboard,page_view,True
211,5,2026-05-23,study_room,session_started,True
212,5,2026-05-23,notes,note_uploaded,True
213,5,2026-05-23,dashboard,page_view,True
214,5,2026-05-24,study_room,session_started,True
215,5,2026-05-25,study_room,session_started,True
216,5,2026-05-25,rewards,page_view,True
217,5,2026-05-26,study_room,session_started,True
218,5,2026-05-29,study_room,session_started,True
219,5,2026-05-30,study_room,session_started,True
220,6,2026-04-20,study_room,session_started,True
221,6,2026-04-24,dashboard,page_view,True
222,6,2026-04-28,dashboard,page_view,True
223,6,2026-04-30,promotions,page_view,True
224,6,2026-05-03,dashboard,page_view,True
225,6,2026-05-04,promotions,page_view,True
226,6,2026-05-07,study_room,session_started,True
227,6,2026-05-07,rewards,page_view,True
228,6,2026-05-09,study_room,session_started,True
229,6,2026-05-09,promotions,page_view,True
230,6,2026-05-12,study_room,session_started,True
231,6,2026-05-12,notes,note_uploaded,True
232,6,2026-05-12,promotions,page_view,True
233,6,2026-05-13,promotions,page_view,True
234,6,2026-05-14,dashboard,page_view,True
235,6,2026-05-15,rewards,page_view,True
236,6,2026-05-16,study_room,session_started,True
237,6,2026-05-16,dashboard,page_view,True
238,6,2026-05-18,rewards,page_view,True
239,6,2026-05-19,promotions,page_view,True
240,6,2026-05-20,study_room,session_started,True
241,6,2026-05-25,promotions,page_view,True
242,6,2026-05-28,promotions,page_view,True
243,6,2026-05-31,study_room,session_started,True
244,7,2026-04-07,study_room,session_started,True
245,7,2026-04-08,study_room,session_started,True
246,7,2026-04-09,study_room,session_started,True
247,7,2026-04-09,notes,note_uploaded,True
248,7,2026-04-10,study_room,session_started,True
249,7,2026-04-13,rewards,page_view,True
250,7,2026-04-14,promotions,page_view,True
251,7,2026-04-18,study_room,session_started,True
252,7,2026-04-20,study_room,session_started,True
253,7,2026-04-22,study_room,session_started,True
254,7,2026-04-22,dashboard,page_view,True
255,7,2026-04-24,study_room,session_started,True
256,7,2026-04-24,notes,note_uploaded,True
257,7,2026-04-25,rewards,page_view,True
258,7,2026-04-27,study_room,session_started,True
259,7,2026-04-29,promotions,page_view,True
260,7,2026-04-30,study_room,session_started,True
261,7,2026-05-01,promotions,page_view,True
262,7,2026-05-02,study_room,session_started,True
263,7,2026-05-03,study_room,session_started,True
264,7,2026-05-04,study_room,session_started,True
265,7,2026-05-04,rewards,page_view,True
266,7,2026-05-06,promotions,page_view,True
267,7,2026-05-07,study_room,session_started,True
268,7,2026-05-08,promotions,page_view,True
269,7,2026-05-11,study_room,session_started,True
270,7,2026-05-16,study_room,session_started,True
271,7,2026-05-16,notes,note_uploaded,True
272,7,2026-05-17,study_room,session_started,True
273,7,2026-05-18,study_room,session_started,True
274,7,2026-05-20,rewards,page_view,True
275,7,2026-05-21,rewards,page_view,True
276,7,2026-05-23,study_room,session_started,True
277,7,2026-05-26,study_room,session_started,True
278,7,2026-05-26,dashboard,page_view,True
279,7,2026-05-30,study_room,session_started,True
280,7,2026-05-31,promotions,page_view,True
281,8,2026-04-13,study_room,session_started,True
282,8,2026-04-14,study_room,session_started,True
283,8,2026-04-14,notes,note_uploaded,True
284,8,2026-04-14,dashboard,page_view,True
285,8,2026-04-15,study_room,session_started,True
286,8,2026-04-15,notes,note_uploaded,True
287,8,2026-04-15,promotions,page_view,True
288,8,2026-04-16,study_room,session_started,True
289,8,2026-04-17,study_room,session_started,True
290,8,2026-04-18,study_room,session_started,True
291,8,2026-04-19,study_room,session_started,True
292,8,2026-04-19,notes,note_uploaded,True
293,8,2026-04-20,study_room,session_started,True
294,8,2026-04-20,promotions,page_view,True
295,8,2026-04-21,study_room,session_started,True
296,8,2026-04-22,study_room,session_started,True
297,8,2026-04-23,study_room,session_started,True
298,8,2026-04-24,study_room,session_started,True
299,8,2026-04-24,promotions,page_view,True
300,8,2026-04-25,study_room,session_started,True
301,8,2026-04-25,notes,note_uploaded,True
302,8,2026-04-25,dashboard,page_view,True
303,8,2026-04-26,study_room,session_started,True
304,8,2026-04-27,study_room,session_started,True
305,8,2026-04-28,dashboard,page_view,True
306,8,2026-04-29,study_room,session_started,True
307,8,2026-04-29,rewards,page_view,True
308,8,2026-04-30,study_room,session_started,True
309,8,2026-04-30,notes,note_uploaded,True
310,8,2026-05-01,study_room,session_started,True
311,8,2026-05-02,study_room,session_started,True
312,8,2026-05-02,promotions,page_view,True
313,8,2026-05-03,study_room,session_started,True
314,8,2026-05-04,rewards,page_view,True
315,8,2026-05-06,study_room,session_started,True
316,8,2026-05-06,notes,note_uploaded,True
317,8,2026-05-06,promotions,page_view,True
318,8,2026-05-07,study_room,session_started,True
319,8,2026-05-08,study_room,session_started,True
320,8,2026-05-09,study_room,session_started,True
321,8,2026-05-09,promotions,page_view,True
322,8,2026-05-10,study_room,session_started,True
323,8,2026-05-11,study_room,session_started,True
324,8,2026-05-12,study_room,session_started,True
325,8,2026-05-13,study_room,session_started,True
326,8,2026-05-14,study_room,session_started,True
327,8,2026-05-14,notes,note_uploaded,True
328,8,2026-05-15,study_room,session_started,True
329,8,2026-05-16,study_room,session_started,True
330,8,2026-05-17,study_room,session_started,True
331,8,2026-05-19,rewards,page_view,True
332,8,2026-05-20,study_room,session_started,True
333,8,2026-05-20,notes,note_uploaded,True
334,8,2026-05-21,study_room,session_started,True
335,8,2026-05-21,promotions,page_view,True
336,8,2026-05-22,study_room,session_started,True
337,8,2026-05-25,study_room,session_started,True
338,8,2026-05-26,study_room,session_started,True
339,8,2026-05-26,notes,note_uploaded,True
340,8,2026-05-27,study_room,session_started,True
341,8,2026-05-27,dashboard,page_view,True
342,8,2026-05-28,study_room,session_started,True
343,8,2026-05-28,notes,note_uploaded,True
344,8,2026-05-29,promotions,page_view,True
345,8,2026-05-30,study_room,session_started,True
346,8,2026-05-30,rewards,page_view,True
347,8,2026-05-31,study_room,session_started,True
348,9,2026-04-10,study_room,session_started,True
349,9,2026-04-10,promotions,page_view,True
350,9,2026-04-11,study_room,session_started,True
351,9,2026-04-11,promotions,page_view,True
352,9,2026-04-12,study_room,session_started,True
353,9,2026-04-12,notes,note_uploaded,True
354,9,2026-04-14,study_room,session_started,True
355,9,2026-04-15,study_room,session_started,True
356,9,2026-04-16,dashboard,page_view,True
357,9,2026-04-17,study_room,session_started,True
358,9,2026-04-17,notes,note_uploaded,True
359,9,2026-04-20,study_room,session_started,True
360,9,2026-04-21,study_room,session_started,True
361,9,2026-04-23,study_room,session_started,True
362,9,2026-04-23,promotions,page_view,True
363,9,2026-04-24,study_room,session_started,True
364,9,2026-04-24,notes,note_uploaded,True
365,9,2026-04-25,study_room,session_started,True
366,9,2026-04-26,study_room,session_started,True
367,9,2026-04-27,study_room,session_started,True
368,9,2026-04-27,rewards,page_view,True
369,9,2026-04-28,study_room,session_started,True
370,9,2026-04-28,dashboard,page_view,True
371,9,2026-04-29,study_room,session_started,True
372,9,2026-04-30,study_room,session_started,True
373,9,2026-05-03,promotions,page_view,True
374,9,2026-05-04,study_room,session_started,True
375,9,2026-05-04,notes,note_uploaded,True
376,9,2026-05-05,study_room,session_started,True
377,9,2026-05-06,study_room,session_started,True
378,9,2026-05-06,rewards,page_view,True
379,9,2026-05-07,study_room,session_started,True
380,9,2026-05-08,study_room,session_started,True
381,9,2026-05-09,rewards,page_view,True
382,9,2026-05-10,study_room,session_started,True
383,9,2026-05-12,study_room,session_started,True
384,9,2026-05-12,notes,note_uploaded,True
385,9,2026-05-17,study_room,session_started,True
386,9,2026-05-17,notes,note_uploaded,True
387,9,2026-05-17,promotions,page_view,True
388,9,2026-05-18,study_room,session_started,True
389,9,2026-05-20,study_room,session_started,True
390,9,2026-05-20,promotions,page_view,True
391,9,2026-05-23,study_room,session_started,True
392,9,2026-05-23,dashboard,page_view,True
393,9,2026-05-26,study_room,session_started,True
394,9,2026-05-26,rewards,page_view,True
395,9,2026-05-27,study_room,session_started,True
396,9,2026-05-28,study_room,session_started,True
397,9,2026-05-28,notes,note_uploaded,True
398,9,2026-05-28,dashboard,page_view,True
399,9,2026-05-29,study_room,session_started,True
400,9,2026-05-31,study_room,session_started,True
401,10,2026-04-11,rewards,page_view,True
402,10,2026-04-12,rewards,page_view,True
403,10,2026-04-14,dashboard,page_view,True
404,10,2026-04-22,study_room,session_started,True
405,10,2026-04-22,notes,note_uploaded,True
406,10,2026-04-25,study_room,session_started,True
407,10,2026-04-25,promotions,page_view,True
408,10,2026-04-26,study_room,session_started,True
409,10,2026-04-26,notes,note_uploaded,True
410,10,2026-04-30,dashboard,page_view,True
411,10,2026-05-01,study_room,session_started,True
412,10,2026-05-02,rewards,page_view,True
413,10,2026-05-06,dashboard,page_view,True
414,10,2026-05-09,study_room,session_started,True
415,10,2026-05-09,dashboard,page_view,True
416,10,2026-05-11,rewards,page_view,True
417,10,2026-05-12,promotions,page_view,True
418,10,2026-05-14,rewards,page_view,True
419,10,2026-05-15,study_room,session_started,True
420,10,2026-05-15,notes,note_uploaded,True
421,10,2026-05-19,study_room,session_started,True
422,10,2026-05-19,notes,note_uploaded,True
423,10,2026-05-21,dashboard,page_view,True
424,10,2026-05-24,promotions,page_view,True
425,10,2026-05-28,study_room,session_started,True
426,10,2026-05-28,notes,note_uploaded,True
427,10,2026-05-29,dashboard,page_view,True
428,10,2026-05-31,rewards,page_view,True
429,11,2026-04-23,promotions,page_view,True
430,11,2026-04-24,study_room,session_started,True
431,11,2026-04-24,promotions,page_view,True
432,11,2026-04-25,study_room,session_started,True
433,11,2026-04-26,study_room,session_started,True
434,11,2026-04-30,promotions,page_view,True
435,11,2026-05-01,rewards,page_view,True
436,11,2026-05-02,study_room,session_started,True
437,11,2026-05-02,rewards,page_view,True
438,11,2026-05-05,study_room,session_started,True
439,11,2026-05-07,promotions,page_view,True
440,11,2026-05-10,promotions,page_view,True
441,11,2026-05-12,study_room,session_started,True
442,11,2026-05-13,study_room,session_started,True
443,11,2026-05-13,notes,note_uploaded,True
444,11,2026-05-13,rewards,page_view,True
445,11,2026-05-17,dashboard,page_view,True
446,11,2026-05-18,study_room,session_started,True
447,11,2026-05-19,rewards,page_view,True
448,11,2026-05-20,promotions,page_view,True
449,11,2026-05-21,study_room,session_started,True
450,11,2026-05-21,notes,note_uploaded,True
451,11,2026-05-21,dashboard,page_view,True
452,11,2026-05-23,promotions,page_view,True
453,11,2026-05-26,rewards,page_view,True
454,11,2026-05-30,study_room,session_started,True
455,11,2026-05-30,rewards,page_view,True
456,11,2026-05-31,study_room,session_started,True
457,12,2026-04-23,study_room,session_started,True
458,12,2026-04-23,notes,note_uploaded,True
459,12,2026-04-24,study_room,session_started,True
460,12,2026-04-25,rewards,page_view,True
461,12,2026-04-26,study_room,session_started,True
462,12,2026-04-27,study_room,session_started,True
463,12,2026-04-27,dashboard,page_view,True
464,12,2026-04-28,study_room,session_started,True
465,12,2026-04-29,study_room,session_started,True
466,12,2026-04-30,study_room,session_started,True
467,12,2026-05-01,study_room,session_started,True
468,12,2026-05-01,promotions,page_view,True
469,12,2026-05-02,study_room,session_started,True
470,12,2026-05-02,notes,note_uploaded,True
471,12,2026-05-03,study_room,session_started,True
472,12,2026-05-03,notes,note_uploaded,True
473,12,2026-05-04,study_room,session_started,True
474,12,2026-05-05,study_room,session_started,True
475,12,2026-05-05,notes,note_uploaded,True
476,12,2026-05-06,study_room,session_started,True
477,12,2026-05-07,study_room,session_started,True
478,12,2026-05-07,notes,note_uploaded,True
479,12,2026-05-08,study_room,session_started,True
480,12,2026-05-10,study_room,session_started,True
481,12,2026-05-10,rewards,page_view,True
482,12,2026-05-11,study_room,session_started,True
483,12,2026-05-11,promotions,page_view,True
484,12,2026-05-12,study_room,session_started,True
485,12,2026-05-12,rewards,page_view,True
486,12,2026-05-13,study_room,session_started,True
487,12,2026-05-14,study_room,session_started,True
488,12,2026-05-14,notes,note_uploaded,True
489,12,2026-05-14,rewards,page_view,True
490,12,2026-05-18,study_room,session_started,True
491,12,2026-05-19,study_room,session_started,True
492,12,2026-05-20,study_room,session_started,True
493,12,2026-05-21,study_room,session_started,True
494,12,2026-05-21,notes,note_uploaded,True
495,12,2026-05-21,promotions,page_view,True
496,12,2026-05-23,study_room,session_started,True
497,12,2026-05-23,notes,note_uploaded,True
498,12,2026-05-23,dashboard,page_view,True
499,12,2026-05-25,study_room,session_started,True
500,12,2026-05-25,notes,note_uploaded,True
501,12,2026-05-25,promotions,page_view,True
502,12,2026-05-26,study_room,session_started,True
503,12,2026-05-27,study_room,session_started,True
504,12,2026-05-28,study_room,session_started,True
505,12,2026-05-28,notes,note_uploaded,True
506,12,2026-05-28,rewards,page_view,True
507,12,2026-05-29,rewards,page_view,True
508,12,2026-05-30,study_room,session_started,True
509,12,2026-05-31,study_room,session_started,True
510,12,2026-05-31,notes,note_uploaded,True
511,12,2026-05-31,rewards,page_view,True
512,13,2026-04-22,study_room,session_started,True
513,13,2026-04-22,notes,note_uploaded,True
514,13,2026-04-23,study_room,session_started,True
515,13,2026-04-24,study_room,session_started,True
516,13,2026-04-25,study_room,session_started,True
517,13,2026-04-25,rewards,page_view,True
518,13,2026-04-29,study_room,session_started,True
519,13,2026-05-01,study_room,session_started,True
520,13,2026-05-01,promotions,page_view,True
521,13,2026-05-03,study_room,session_started,True
522,13,2026-05-03,notes,note_uploaded,True
523,13,2026-05-04,study_room,session_started,True
524,13,2026-05-05,study_room,session_started,True
525,13,2026-05-07,dashboard,page_view,True
526,13,2026-05-08,study_room,session_started,True
527,13,2026-05-09,study_room,session_started,True
528,13,2026-05-10,study_room,session_started,True
529,13,2026-05-10,dashboard,page_view,True
530,13,2026-05-11,study_room,session_started,True
531,13,2026-05-12,study_room,session_started,True
532,13,2026-05-13,study_room,session_started,True
533,13,2026-05-14,dashboard,page_view,True
534,13,2026-05-17,study_room,session_started,True
535,13,2026-05-17,promotions,page_view,True
536,13,2026-05-18,study_room,session_started,True
537,13,2026-05-19,study_room,session_started,True
538,13,2026-05-20,study_room,session_started,True
539,13,2026-05-21,study_room,session_started,True
540,13,2026-05-21,notes,note_uploaded,True
541,13,2026-05-22,dashboard,page_view,True
542,13,2026-05-23,study_room,session_started,True
543,13,2026-05-25,study_room,session_started,True
544,13,2026-05-26,promotions,page_view,True
545,13,2026-05-27,study_room,session_started,True
546,13,2026-05-27,dashboard,page_view,True
547,13,2026-05-28,rewards,page_view,True
548,13,2026-05-29,promotions,page_view,True
549,13,2026-05-31,promotions,page_view,True
550,14,2026-04-25,study_room,session_started,True
551,14,2026-04-28,dashboard,page_view,True
552,14,2026-05-01,study_room,session_started,True
553,14,2026-05-02,promotions,page_view,True
554,14,2026-05-04,promotions,page_view,True
555,14,2026-05-05,study_room,session_started,True
556,14,2026-05-06,study_room,session_started,True
557,14,2026-05-07,promotions,page_view,True
558,14,2026-05-08,rewards,page_view,True
559,14,2026-05-09,dashboard,page_view,True
560,14,2026-05-10,promotions,page_view,True
561,14,2026-05-12,dashboard,page_view,True
562,14,2026-05-14,dashboard,page_view,True
563,14,2026-05-23,promotions,page_view,True
564,14,2026-05-24,promotions,page_view,True
565,14,2026-05-25,study_room,session_started,True
566,14,2026-05-28,dashboard,page_view,True
567,14,2026-05-30,study_room,session_started,True
568,14,2026-05-30,dashboard,page_view,True
569,15,2026-04-12,rewards,page_view,True
570,15,2026-04-14,study_room,session_started,True
571,15,2026-04-15,study_room,session_started,True
572,15,2026-04-18,study_room,session_started,True
573,15,2026-04-19,study_room,session_started,True
574,15,2026-04-19,rewards,page_view,True
575,15,2026-04-20,study_room,session_started,True
576,15,2026-04-20,dashboard,page_view,True
577,15,2026-04-24,study_room,session_started,True
578,15,2026-04-24,rewards,page_view,True
579,15,2026-04-25,study_room,session_started,True
580,15,2026-04-25,promotions,page_view,True
581,15,2026-04-26,study_room,session_started,True
582,15,2026-04-27,study_room,session_started,True
583,15,2026-04-27,notes,note_uploaded,True
584,15,2026-04-27,promotions,page_view,True
585,15,2026-04-29,study_room,session_started,True
586,15,2026-04-29,dashboard,page_view,True
587,15,2026-05-01,study_room,session_started,True
588,15,2026-05-04,study_room,session_started,True
589,15,2026-05-05,study_room,session_started,True
590,15,2026-05-05,notes,note_uploaded,True
591,15,2026-05-10,rewards,page_view,True
592,15,2026-05-11,study_room,session_started,True
593,15,2026-05-13,study_room,session_started,True
594,15,2026-05-13,notes,note_uploaded,True
595,15,2026-05-14,study_room,session_started,True
596,15,2026-05-15,study_room,session_started,True
597,15,2026-05-15,dashboard,page_view,True
598,15,2026-05-17,study_room,session_started,True
599,15,2026-05-17,rewards,page_view,True
600,15,2026-05-19,promotions,page_view,True
601,15,2026-05-22,study_room,session_started,True
602,15,2026-05-22,notes,note_uploaded,True
603,15,2026-05-22,promotions,page_view,True
604,15,2026-05-23,study_room,session_started,True
605,15,2026-05-23,promotions,page_view,True
606,15,2026-05-25,study_room,session_started,True
607,15,2026-05-27,study_room,session_started,True
608,15,2026-05-29,dashboard,page_view,True
609,15,2026-05-30,study_room,session_started,True
610,15,2026-05-30,notes,note_uploaded,True
611,15,2026-05-31,promotions,page_view,True
612,16,2026-04-24,study_room,session_started,True
613,16,2026-04-24,dashboard,page_view,True
614,16,2026-04-25,study_room,session_started,True
615,16,2026-04-26,study_room,session_started,True
616,16,2026-04-27,study_room,session_started,True
617,16,2026-04-28,study_room,session_started,True
618,16,2026-04-30,study_room,session_started,True
619,16,2026-05-01,study_room,session_started,True
620,16,2026-05-01,notes,note_uploaded,True
621,16,2026-05-01,dashboard,page_view,True
622,16,2026-05-02,promotions,page_view,True
623,16,2026-05-03,study_room,session_started,True
624,16,2026-05-04,study_room,session_started,True
625,16,2026-05-05,study_room,session_started,True
626,16,2026-05-05,notes,note_uploaded,True
627,16,2026-05-06,study_room,session_started,True
628,16,2026-05-07,study_room,session_started,True
629,16,2026-05-09,study_room,session_started,True
630,16,2026-05-09,promotions,page_view,True
631,16,2026-05-10,study_room,session_started,True
632,16,2026-05-11,study_room,session_started,True
633,16,2026-05-11,promotions,page_view,True
634,16,2026-05-12,study_room,session_started,True
635,16,2026-05-12,promotions,page_view,True
636,16,2026-05-13,study_room,session_started,True
637,16,2026-05-14,study_room,session_started,True
638,16,2026-05-14,notes,note_uploaded,True
639,16,2026-05-14,rewards,page_view,True
640,16,2026-05-16,study_room,session_started,True
641,16,2026-05-17,study_room,session_started,True
642,16,2026-05-18,study_room,session_started,True
643,16,2026-05-18,promotions,page_view,True
644,16,2026-05-19,study_room,session_started,True
645,16,2026-05-19,notes,note_uploaded,True
646,16,2026-05-20,study_room,session_started,True
647,16,2026-05-21,study_room,session_started,True
648,16,2026-05-21,promotions,page_view,True
649,16,2026-05-22,study_room,session_started,True
650,16,2026-05-23,study_room,session_started,True
651,16,2026-05-24,study_room,session_started,True
652,16,2026-05-24,notes,note_uploaded,True
653,16,2026-05-25,promotions,page_view,True
654,16,2026-05-27,study_room,session_started,True
655,16,2026-05-28,study_room,session_started,True
656,16,2026-05-29,study_room,session_started,True
657,16,2026-05-30,study_room,session_started,True
658,16,2026-05-31,study_room,session_started,True
659,17,2026-04-10,dashboard,page_view,True
660,17,2026-04-11,study_room,session_started,True
661,17,2026-04-12,study_room,session_started,True
662,17,2026-04-12,notes,note_uploaded,True
663,17,2026-04-14,study_room,session_started,True
664,17,2026-04-16,study_room,session_started,True
665,17,2026-04-16,promotions,page_view,True
666,17,2026-04-18,rewards,page_view,True
667,17,2026-04-19,study_room,session_started,True
668,17,2026-04-20,study_room,session_started,True
669,17,2026-04-20,dashboard,page_view,True
670,17,2026-04-21,study_room,session_started,True
671,17,2026-04-23,study_room,session_started,True
672,17,2026-04-23,promotions,page_view,True
673,17,2026-04-24,study_room,session_started,True
674,17,2026-04-26,promotions,page_view,True
675,17,2026-04-27,rewards,page_view,True
676,17,2026-04-28,study_room,session_started,True
677,17,2026-04-28,promotions,page_view,True
678,17,2026-04-30,rewards,page_view,True
679,17,2026-05-02,study_room,session_started,True
680,17,2026-05-06,study_room,session_started,True
681,17,2026-05-07,study_room,session_started,True
682,17,2026-05-07,notes,note_uploaded,True
683,17,2026-05-07,rewards,page_view,True
684,17,2026-05-09,promotions,page_view,True
685,17,2026-05-10,study_room,session_started,True
686,17,2026-05-12,study_room,session_started,True
687,17,2026-05-14,study_room,session_started,True
688,17,2026-05-15,promotions,page_view,True
689,17,2026-05-18,study_room,session_started,True
690,17,2026-05-18,notes,note_uploaded,True
691,17,2026-05-18,promotions,page_view,True
692,17,2026-05-19,study_room,session_started,True
693,17,2026-05-21,study_room,session_started,True
694,17,2026-05-22,study_room,session_started,True
695,17,2026-05-22,notes,note_uploaded,True
696,17,2026-05-23,study_room,session_started,True
697,17,2026-05-24,study_room,session_started,True
698,17,2026-05-25,rewards,page_view,True
699,17,2026-05-26,study_room,session_started,True
700,17,2026-05-26,notes,note_uploaded,True
701,17,2026-05-26,dashboard,page_view,True
702,17,2026-05-27,promotions,page_view,True
703,17,2026-05-28,study_room,session_started,True
704,17,2026-05-28,rewards,page_view,True
705,17,2026-05-29,rewards,page_view,True
706,17,2026-05-30,promotions,page_view,True
707,17,2026-05-31,study_room,session_started,True
708,18,2026-04-21,promotions,page_view,True
709,18,2026-04-22,dashboard,page_view,True
710,18,2026-04-24,dashboard,page_view,True
711,18,2026-04-28,rewards,page_view,True
712,18,2026-04-30,promotions,page_view,True
713,18,2026-05-02,dashboard,page_view,True
714,18,2026-05-03,study_room,session_started,True
715,18,2026-05-03,notes,note_uploaded,True
716,18,2026-05-07,dashboard,page_view,True
717,18,2026-05-08,rewards,page_view,True
718,18,2026-05-11,rewards,page_view,True
719,18,2026-05-15,dashboard,page_view,True
720,18,2026-05-16,dashboard,page_view,True
721,18,2026-05-18,study_room,session_started,True
722,18,2026-05-20,promotions,page_view,True
723,18,2026-05-22,promotions,page_view,True
724,18,2026-05-23,rewards,page_view,True
725,18,2026-05-24,study_room,session_started,True
726,18,2026-05-24,dashboard,page_view,True
727,18,2026-05-25,dashboard,page_view,True
728,18,2026-05-27,promotions,page_view,True
729,18,2026-05-30,study_room,session_started,True
730,19,2026-04-23,study_room,session_started,True
731,19,2026-04-23,notes,note_uploaded,True
732,19,2026-04-24,study_room,session_started,True
733,19,2026-04-26,study_room,session_started,True
734,19,2026-04-28,study_room,session_started,True
735,19,2026-04-28,notes,note_uploaded,True
736,19,2026-04-28,rewards,page_view,True
737,19,2026-05-01,rewards,page_view,True
738,19,2026-05-02,study_room,session_started,True
739,19,2026-05-03,study_room,session_started,True
740,19,2026-05-07,study_room,session_started,True
741,19,2026-05-09,study_room,session_started,True
742,19,2026-05-10,study_room,session_started,True
743,19,2026-05-12,study_room,session_started,True
744,19,2026-05-12,promotions,page_view,True
745,19,2026-05-14,study_room,session_started,True
746,19,2026-05-14,notes,note_uploaded,True
747,19,2026-05-17,rewards,page_view,True
748,19,2026-05-18,study_room,session_started,True
749,19,2026-05-19,rewards,page_view,True
750,19,2026-05-22,study_room,session_started,True
751,19,2026-05-22,notes,note_uploaded,True
752,19,2026-05-23,study_room,session_started,True
753,19,2026-05-24,study_room,session_started,True
754,19,2026-05-25,dashboard,page_view,True
755,19,2026-05-26,study_room,session_started,True
756,19,2026-05-26,rewards,page_view,True
757,19,2026-05-27,study_room,session_started,True
758,19,2026-05-27,notes,note_uploaded,True
759,19,2026-05-28,promotions,page_view,True
760,19,2026-05-29,study_room,session_started,True
761,19,2026-05-30,study_room,session_started,True
762,19,2026-05-31,study_room,session_started,True
763,20,2026-04-12,study_room,session_started,True
764,20,2026-04-12,notes,note_uploaded,True
765,20,2026-04-12,promotions,page_view,True
766,20,2026-04-13,study_room,session_started,True
767,20,2026-04-13,rewards,page_view,True
768,20,2026-04-14,study_room,session_started,True
769,20,2026-04-15,study_room,session_started,True
770,20,2026-04-15,notes,note_uploaded,True
771,20,2026-04-16,promotions,page_view,True
772,20,2026-04-17,study_room,session_started,True
773,20,2026-04-17,dashboard,page_view,True
774,20,2026-04-18,study_room,session_started,True
775,20,2026-04-19,study_room,session_started,True
776,20,2026-04-20,study_room,session_started,True
777,20,2026-04-21,study_room,session_started,True
778,20,2026-04-22,study_room,session_started,True
779,20,2026-04-22,notes,note_uploaded,True
780,20,2026-04-22,dashboard,page_view,True
781,20,2026-04-24,study_room,session_started,True
782,20,2026-04-25,study_room,session_started,True
783,20,2026-04-26,study_room,session_started,True
784,20,2026-04-26,notes,note_uploaded,True
785,20,2026-04-27,rewards,page_view,True
786,20,2026-04-28,study_room,session_started,True
787,20,2026-04-29,study_room,session_started,True
788,20,2026-04-30,dashboard,page_view,True
789,20,2026-05-01,promotions,page_view,True
790,20,2026-05-02,study_room,session_started,True
791,20,2026-05-03,study_room,session_started,True
792,20,2026-05-04,study_room,session_started,True
793,20,2026-05-05,study_room,session_started,True
794,20,2026-05-07,study_room,session_started,True
795,20,2026-05-08,study_room,session_started,True
796,20,2026-05-09,study_room,session_started,True
797,20,2026-05-09,promotions,page_view,True
798,20,2026-05-10,study_room,session_started,True
799,20,2026-05-10,promotions,page_view,True
800,20,2026-05-11,study_room,session_started,True
801,20,2026-05-12,study_room,session_started,True
802,20,2026-05-13,study_room,session_started,True
803,20,2026-05-13,notes,note_uploaded,True
804,20,2026-05-14,study_room,session_started,True
805,20,2026-05-14,rewards,page_view,True
806,20,2026-05-15,dashboard,page_view,True
807,20,2026-05-16,study_room,session_started,True
808,20,2026-05-17,study_room,session_started,True
809,20,2026-05-18,study_room,session_started,True
810,20,2026-05-19,study_room,session_started,True
811,20,2026-05-19,dashboard,page_view,True
812,20,2026-05-20,study_room,session_started,True
813,20,2026-05-20,rewards,page_view,True
814,20,2026-05-21,study_room,session_started,True
815,20,2026-05-22,study_room,session_started,True
816,20,2026-05-22,dashboard,page_view,True
817,20,2026-05-23,promotions,page_view,True
818,20,2026-05-24,study_room,session_started,True
819,20,2026-05-25,study_room,session_started,True
820,20,2026-05-26,study_room,session_started,True
821,20,2026-05-26,rewards,page_view,True
822,20,2026-05-28,study_room,session_started,True
823,20,2026-05-28,notes,note_uploaded,True
824,20,2026-05-30,study_room,session_started,True
825,20,2026-05-31,study_room,session_started,True
826,20,2026-05-31,notes,note_uploaded,True
827,21,2026-04-08,promotions,page_view,True
828,21,2026-04-09,rewards,page_view,True
829,21,2026-04-11,study_room,session_started,True
830,21,2026-04-11,dashboard,page_view,True
831,21,2026-04-12,promotions,page_view,True
832,21,2026-04-13,study_room,session_started,True
833,21,2026-04-13,notes,note_uploaded,True
834,21,2026-04-14,study_room,session_started,True
835,21,2026-04-14,rewards,page_view,True
836,21,2026-04-15,study_room,session_started,True
837,21,2026-04-15,notes,note_uploaded,True
838,21,2026-04-16,study_room,session_started,True
839,21,2026-04-16,notes,note_uploaded,True
840,21,2026-04-17,study_room,session_started,True
841,21,2026-04-18,study_room,session_started,True
842,21,2026-04-19,study_room,session_started,True
843,21,2026-04-20,dashboard,page_view,True
844,21,2026-04-21,dashboard,page_view,True
845,21,2026-04-22,study_room,session_started,True
846,21,2026-04-22,notes,note_uploaded,True
847,21,2026-04-23,study_room,session_started,True
848,21,2026-04-23,dashboard,page_view,True
849,21,2026-04-24,study_room,session_started,True
850,21,2026-04-24,notes,note_uploaded,True
851,21,2026-04-25,rewards,page_view,True
852,21,2026-04-26,study_room,session_started,True
853,21,2026-04-26,notes,note_uploaded,True
854,21,2026-04-27,study_room,session_started,True
855,21,2026-04-28,study_room,session_started,True
856,21,2026-04-28,notes,note_uploaded,True
857,21,2026-04-28,rewards,page_view,True
858,21,2026-04-29,study_room,session_started,True
859,21,2026-04-29,notes,note_uploaded,True
860,21,2026-04-30,study_room,session_started,True
861,21,2026-05-01,study_room,session_started,True
862,21,2026-05-01,dashboard,page_view,True
863,21,2026-05-03,study_room,session_started,True
864,21,2026-05-04,study_room,session_started,True
865,21,2026-05-05,study_room,session_started,True
866,21,2026-05-05,notes,note_uploaded,True
867,21,2026-05-05,dashboard,page_view,True
868,21,2026-05-06,study_room,session_started,True
869,21,2026-05-06,notes,note_uploaded,True
870,21,2026-05-07,study_room,session_started,True
871,21,2026-05-07,promotions,page_view,True
872,21,2026-05-08,study_room,session_started,True
873,21,2026-05-10,study_room,session_started,True
874,21,2026-05-10,notes,note_uploaded,True
875,21,2026-05-12,promotions,page_view,True
876,21,2026-05-13,study_room,session_started,True
877,21,2026-05-13,rewards,page_view,True
878,21,2026-05-14,study_room,session_started,True
879,21,2026-05-14,dashboard,page_view,True
880,21,2026-05-15,rewards,page_view,True
881,21,2026-05-16,study_room,session_started,True
882,21,2026-05-16,dashboard,page_view,True
883,21,2026-05-18,study_room,session_started,True
884,21,2026-05-18,notes,note_uploaded,True
885,21,2026-05-19,study_room,session_started,True
886,21,2026-05-22,study_room,session_started,True
887,21,2026-05-25,study_room,session_started,True
888,21,2026-05-26,study_room,session_started,True
889,21,2026-05-26,dashboard,page_view,True
890,21,2026-05-30,study_room,session_started,True
891,21,2026-05-31,study_room,session_started,True
892,21,2026-05-31,promotions,page_view,True
893,22,2026-04-08,study_room,session_started,True
894,22,2026-04-08,notes,note_uploaded,True
895,22,2026-04-09,study_room,session_started,True
896,22,2026-04-10,dashboard,page_view,True
897,22,2026-04-11,study_room,session_started,True
898,22,2026-04-12,rewards,page_view,True
899,22,2026-04-16,study_room,session_started,True
900,22,2026-04-17,rewards,page_view,True
901,22,2026-04-18,study_room,session_started,True
902,22,2026-04-18,dashboard,page_view,True
903,22,2026-04-19,study_room,session_started,True
904,22,2026-04-19,dashboard,page_view,True
905,22,2026-04-21,study_room,session_started,True
906,22,2026-04-24,rewards,page_view,True
907,22,2026-04-25,study_room,session_started,True
908,22,2026-04-27,dashboard,page_view,True
909,22,2026-04-28,study_room,session_started,True
910,22,2026-04-29,study_room,session_started,True
911,22,2026-04-29,promotions,page_view,True
912,22,2026-05-01,study_room,session_started,True
913,22,2026-05-01,notes,note_uploaded,True
914,22,2026-05-01,dashboard,page_view,True
915,22,2026-05-02,rewards,page_view,True
916,22,2026-05-06,dashboard,page_view,True
917,22,2026-05-08,study_room,session_started,True
918,22,2026-05-08,promotions,page_view,True
919,22,2026-05-09,rewards,page_view,True
920,22,2026-05-11,dashboard,page_view,True
921,22,2026-05-16,study_room,session_started,True
922,22,2026-05-16,notes,note_uploaded,True
923,22,2026-05-18,rewards,page_view,True
924,22,2026-05-19,study_room,session_started,True
925,22,2026-05-20,study_room,session_started,True
926,22,2026-05-20,notes,note_uploaded,True
927,22,2026-05-21,study_room,session_started,True
928,22,2026-05-21,notes,note_uploaded,True
929,22,2026-05-23,promotions,page_view,True
930,22,2026-05-24,rewards,page_view,True
931,22,2026-05-26,study_room,session_started,True
932,22,2026-05-28,study_room,session_started,True
933,22,2026-05-29,study_room,session_started,True
934,22,2026-05-29,rewards,page_view,True
935,22,2026-05-31,promotions,page_view,True
936,23,2026-04-22,study_room,session_started,True
937,23,2026-04-22,notes,note_uploaded,True
938,23,2026-04-23,rewards,page_view,True
939,23,2026-04-24,rewards,page_view,True
940,23,2026-04-26,study_room,session_started,True
941,23,2026-04-26,rewards,page_view,True
942,23,2026-04-28,rewards,page_view,True
943,23,2026-04-30,rewards,page_view,True
944,23,2026-05-01,rewards,page_view,True
945,23,2026-05-02,study_room,session_started,True
946,23,2026-05-04,study_room,session_started,True
947,23,2026-05-04,notes,note_uploaded,True
948,23,2026-05-04,promotions,page_view,True
949,23,2026-05-05,study_room,session_started,True
950,23,2026-05-06,study_room,session_started,True
951,23,2026-05-06,dashboard,page_view,True
952,23,2026-05-07,study_room,session_started,True
953,23,2026-05-07,notes,note_uploaded,True
954,23,2026-05-08,study_room,session_started,True
955,23,2026-05-09,dashboard,page_view,True
956,23,2026-05-10,study_room,session_started,True
957,23,2026-05-10,rewards,page_view,True
958,23,2026-05-11,dashboard,page_view,True
959,23,2026-05-12,promotions,page_view,True
960,23,2026-05-13,study_room,session_started,True
961,23,2026-05-13,promotions,page_view,True
962,23,2026-05-14,dashboard,page_view,True
963,23,2026-05-16,study_room,session_started,True
964,23,2026-05-18,dashboard,page_view,True
965,23,2026-05-19,rewards,page_view,True
966,23,2026-05-22,study_room,session_started,True
967,23,2026-05-23,study_room,session_started,True
968,23,2026-05-24,study_room,session_started,True
969,23,2026-05-24,notes,note_uploaded,True
970,23,2026-05-27,study_room,session_started,True
971,23,2026-05-27,notes,note_uploaded,True
972,23,2026-05-27,rewards,page_view,True
973,23,2026-05-29,study_room,session_started,True
974,23,2026-05-30,study_room,session_started,True
975,24,2026-04-25,study_room,session_started,True
976,24,2026-04-26,study_room,session_started,True
977,24,2026-04-27,study_room,session_started,True
978,24,2026-04-28,promotions,page_view,True
979,24,2026-04-29,study_room,session_started,True
980,24,2026-05-01,study_room,session_started,True
981,24,2026-05-02,study_room,session_started,True
982,24,2026-05-03,study_room,session_started,True
983,24,2026-05-03,promotions,page_view,True
984,24,2026-05-05,study_room,session_started,True
985,24,2026-05-05,rewards,page_view,True
986,24,2026-05-06,study_room,session_started,True
987,24,2026-05-07,study_room,session_started,True
988,24,2026-05-08,study_room,session_started,True
989,24,2026-05-09,study_room,session_started,True
990,24,2026-05-10,study_room,session_started,True
991,24,2026-05-12,study_room,session_started,True
992,24,2026-05-13,study_room,session_started,True
993,24,2026-05-13,rewards,page_view,True
994,24,2026-05-14,study_room,session_started,True
995,24,2026-05-14,dashboard,page_view,True
996,24,2026-05-15,study_room,session_started,True
997,24,2026-05-17,study_room,session_started,True
998,24,2026-05-19,study_room,session_started,True
999,24,2026-05-20,study_room,session_started,True
1000,24,2026-05-20,dashboard,page_view,True
1001,24,2026-05-21,study_room,session_started,True
1002,24,2026-05-21,dashboard,page_view,True
1003,24,2026-05-22,study_room,session_started,True
1004,24,2026-05-23,study_room,session_started,True
1005,24,2026-05-24,study_room,session_started,True
1006,24,2026-05-24,rewards,page_view,True
1007,24,2026-05-25,study_room,session_started,True
1008,24,2026-05-25,promotions,page_view,True
1009,24,2026-05-26,study_room,session_started,True
1010,24,2026-05-26,notes,note_uploaded,True
1011,24,2026-05-27,study_room,session_started,True
1012,24,2026-05-28,study_room,session_started,True
1013,24,2026-05-28,notes,note_uploaded,True
1014,24,2026-05-29,study_room,session_started,True
1015,24,2026-05-29,dashboard,page_view,True
1016,24,2026-05-30,study_room,session_started,True
1017,24,2026-05-30,notes,note_uploaded,True
1018,24,2026-05-30,promotions,page_view,True
1019,24,2026-05-31,study_room,session_started,True
1020,24,2026-05-31,rewards,page_view,True
1021,25,2026-04-27,study_room,session_started,True
1022,25,2026-04-28,study_room,session_started,True
1023,25,2026-04-29,study_room,session_started,True
1024,25,2026-05-02,study_room,session_started,True
1025,25,2026-05-02,notes,note_uploaded,True
1026,25,2026-05-03,study_room,session_started,True
1027,25,2026-05-03,promotions,page_view,True
1028,25,2026-05-04,study_room,session_started,True
1029,25,2026-05-05,study_room,session_started,True
1030,25,2026-05-05,promotions,page_view,True
1031,25,2026-05-06,study_room,session_started,True
1032,25,2026-05-07,dashboard,page_view,True
1033,25,2026-05-08,study_room,session_started,True
1034,25,2026-05-09,study_room,session_started,True
1035,25,2026-05-09,dashboard,page_view,True
1036,25,2026-05-10,study_room,session_started,True
1037,25,2026-05-10,rewards,page_view,True
1038,25,2026-05-12,study_room,session_started,True
1039,25,2026-05-12,dashboard,page_view,True
1040,25,2026-05-13,study_room,session_started,True
1041,25,2026-05-16,study_room,session_started,True
1042,25,2026-05-17,study_room,session_started,True
1043,25,2026-05-18,study_room,session_started,True
1044,25,2026-05-21,study_room,session_started,True
1045,25,2026-05-21,notes,note_uploaded,True
1046,25,2026-05-22,study_room,session_started,True
1047,25,2026-05-22,promotions,page_view,True
1048,25,2026-05-23,study_room,session_started,True
1049,25,2026-05-24,study_room,session_started,True
1050,25,2026-05-25,study_room,session_started,True
1051,25,2026-05-25,notes,note_uploaded,True
1052,25,2026-05-27,study_room,session_started,True
1053,25,2026-05-28,study_room,session_started,True
1054,25,2026-05-28,notes,note_uploaded,True
1055,25,2026-05-29,study_room,session_started,True
1056,25,2026-05-29,notes,note_uploaded,True
1057,25,2026-05-29,promotions,page_view,True
1058,25,2026-05-30,study_room,session_started,True
1059,25,2026-05-30,notes,note_uploaded,True
1060,25,2026-05-31,rewards,page_view,True
1061,26,2026-04-21,rewards,page_view,True
1062,26,2026-04-23,study_room,session_started,True
1063,26,2026-04-26,dashboard,page_view,True
1064,26,2026-05-01,study_room,session_started,True
1065,26,2026-05-01,promotions,page_view,True
1066,26,2026-05-02,promotions,page_view,True
1067,26,2026-05-03,dashboard,page_view,True
1068,26,2026-05-06,dashboard,page_view,True
1069,26,2026-05-09,rewards,page_view,True
1070,26,2026-05-10,study_room,session_started,True
1071,26,2026-05-13,study_room,session_started,True
1072,26,2026-05-13,notes,note_uploaded,True
1073,26,2026-05-17,dashboard,page_view,True
1074,26,2026-05-18,study_room,session_started,True
1075,26,2026-05-21,rewards,page_view,True
1076,26,2026-05-23,study_room,session_started,True
1077,26,2026-05-25,promotions,page_view,True
1078,26,2026-05-27,study_room,session_started,True
1079,26,2026-05-28,promotions,page_view,True
1080,26,2026-05-31,rewards,page_view,True
1081,27,2026-04-26,study_room,session_started,True
1082,27,2026-04-26,dashboard,page_view,True
1083,27,2026-04-27,study_room,session_started,True
1084,27,2026-04-27,notes,note_uploaded,True
1085,27,2026-04-27,rewards,page_view,True
1086,27,2026-04-28,rewards,page_view,True
1087,27,2026-04-29,dashboard,page_view,True
1088,27,2026-04-30,promotions,page_view,True
1089,27,2026-05-01,study_room,session_started,True
1090,27,2026-05-03,study_room,session_started,True
1091,27,2026-05-03,promotions,page_view,True
1092,27,2026-05-04,study_room,session_started,True
1093,27,2026-05-04,notes,note_uploaded,True
1094,27,2026-05-05,study_room,session_started,True
1095,27,2026-05-05,promotions,page_view,True
1096,27,2026-05-06,study_room,session_started,True
1097,27,2026-05-12,dashboard,page_view,True
1098,27,2026-05-13,dashboard,page_view,True
1099,27,2026-05-14,dashboard,page_view,True
1100,27,2026-05-16,study_room,session_started,True
1101,27,2026-05-16,rewards,page_view,True
1102,27,2026-05-17,dashboard,page_view,True
1103,27,2026-05-20,promotions,page_view,True
1104,27,2026-05-21,promotions,page_view,True
1105,27,2026-05-22,study_room,session_started,True
1106,27,2026-05-23,promotions,page_view,True
1107,27,2026-05-24,dashboard,page_view,True
1108,27,2026-05-26,study_room,session_started,True
1109,27,2026-05-26,notes,note_uploaded,True
1110,27,2026-05-29,study_room,session_started,True
1111,27,2026-05-29,promotions,page_view,True
1112,28,2026-04-16,study_room,session_started,True
1113,28,2026-04-17,study_room,session_started,True
1114,28,2026-04-19,study_room,session_started,True
1115,28,2026-04-19,notes,note_uploaded,True
1116,28,2026-04-20,promotions,page_view,True
1117,28,2026-04-21,study_room,session_started,True
1118,28,2026-04-21,notes,note_uploaded,True
1119,28,2026-04-22,study_room,session_started,True
1120,28,2026-04-22,promotions,page_view,True
1121,28,2026-04-24,study_room,session_started,True
1122,28,2026-04-25,study_room,session_started,True
1123,28,2026-04-25,notes,note_uploaded,True
1124,28,2026-04-26,study_room,session_started,True
1125,28,2026-04-26,notes,note_uploaded,True
1126,28,2026-04-27,study_room,session_started,True
1127,28,2026-04-28,study_room,session_started,True
1128,28,2026-04-29,study_room,session_started,True
1129,28,2026-04-29,notes,note_uploaded,True
1130,28,2026-04-29,promotions,page_view,True
1131,28,2026-04-30,study_room,session_started,True
1132,28,2026-04-30,notes,note_uploaded,True
1133,28,2026-05-01,study_room,session_started,True
1134,28,2026-05-01,notes,note_uploaded,True
1135,28,2026-05-02,study_room,session_started,True
1136,28,2026-05-03,study_room,session_started,True
1137,28,2026-05-03,notes,note_uploaded,True
1138,28,2026-05-03,dashboard,page_view,True
1139,28,2026-05-04,study_room,session_started,True
1140,28,2026-05-05,study_room,session_started,True
1141,28,2026-05-05,notes,note_uploaded,True
1142,28,2026-05-07,study_room,session_started,True
1143,28,2026-05-07,promotions,page_view,True
1144,28,2026-05-08,study_room,session_started,True
1145,28,2026-05-08,notes,note_uploaded,True
1146,28,2026-05-09,study_room,session_started,True
1147,28,2026-05-10,rewards,page_view,True
1148,28,2026-05-12,study_room,session_started,True
1149,28,2026-05-13,study_room,session_started,True
1150,28,2026-05-14,study_room,session_started,True
1151,28,2026-05-15,study_room,session_started,True
1152,28,2026-05-15,promotions,page_view,True
1153,28,2026-05-16,study_room,session_started,True
1154,28,2026-05-17,study_room,session_started,True
1155,28,2026-05-18,study_room,session_started,True
1156,28,2026-05-19,study_room,session_started,True
1157,28,2026-05-20,study_room,session_started,True
1158,28,2026-05-20,notes,note_uploaded,True
1159,28,2026-05-20,dashboard,page_view,True
1160,28,2026-05-21,study_room,session_started,True
1161,28,2026-05-22,study_room,session_started,True
1162,28,2026-05-23,study_room,session_started,True
1163,28,2026-05-23,promotions,page_view,True
1164,28,2026-05-24,study_room,session_started,True
1165,28,2026-05-24,promotions,page_view,True
1166,28,2026-05-25,study_room,session_started,True
1167,28,2026-05-25,notes,note_uploaded,True
1168,28,2026-05-25,dashboard,page_view,True
1169,28,2026-05-28,study_room,session_started,True
1170,28,2026-05-29,study_room,session_started,True
1171,28,2026-05-30,study_room,session_started,True
1172,28,2026-05-31,promotions,page_view,True
1173,29,2026-04-22,study_room,session_started,True
1174,29,2026-04-24,promotions,page_view,True
1175,29,2026-04-25,study_room,session_started,True
1176,29,2026-04-25,notes,note_uploaded,True
1177,29,2026-04-28,study_room,session_started,True
1178,29,2026-04-28,rewards,page_view,True
1179,29,2026-04-29,study_room,session_started,True
1180,29,2026-05-02,study_room,session_started,True
1181,29,2026-05-02,notes,note_uploaded,True
1182,29,2026-05-03,promotions,page_view,True
1183,29,2026-05-04,study_room,session_started,True
1184,29,2026-05-06,study_room,session_started,True
1185,29,2026-05-07,study_room,session_started,True
1186,29,2026-05-07,rewards,page_view,True
1187,29,2026-05-08,dashboard,page_view,True
1188,29,2026-05-09,study_room,session_started,True
1189,29,2026-05-09,notes,note_uploaded,True
1190,29,2026-05-10,study_room,session_started,True
1191,29,2026-05-10,notes,note_uploaded,True
1192,29,2026-05-12,study_room,session_started,True
1193,29,2026-05-13,study_room,session_started,True
1194,29,2026-05-14,study_room,session_started,True
1195,29,2026-05-14,notes,note_uploaded,True
1196,29,2026-05-15,study_room,session_started,True
1197,29,2026-05-15,notes,note_uploaded,True
1198,29,2026-05-16,study_room,session_started,True
1199,29,2026-05-17,study_room,session_started,True
1200,29,2026-05-19,study_room,session_started,True
1201,29,2026-05-19,rewards,page_view,True
1202,29,2026-05-21,promotions,page_view,True
1203,29,2026-05-22,study_room,session_started,True
1204,29,2026-05-22,rewards,page_view,True
1205,29,2026-05-23,rewards,page_view,True
1206,29,2026-05-24,study_room,session_started,True
1207,29,2026-05-24,notes,note_uploaded,True
1208,29,2026-05-27,study_room,session_started,True
1209,29,2026-05-28,promotions,page_view,True
1210,29,2026-05-29,study_room,session_started,True
1211,29,2026-05-31,study_room,session_started,True
1212,30,2026-04-24,study_room,session_started,True
1213,30,2026-04-25,promotions,page_view,True
1214,30,2026-04-27,study_room,session_started,True
1215,30,2026-04-27,promotions,page_view,True
1216,30,2026-04-28,study_room,session_started,True
1217,30,2026-04-28,rewards,page_view,True
1218,30,2026-04-29,rewards,page_view,True
1219,30,2026-04-30,promotions,page_view,True
1220,30,2026-05-06,rewards,page_view,True
1221,30,2026-05-08,study_room,session_started,True
1222,30,2026-05-08,notes,note_uploaded,True
1223,30,2026-05-08,promotions,page_view,True
1224,30,2026-05-09,promotions,page_view,True
1225,30,2026-05-10,promotions,page_view,True
1226,30,2026-05-12,study_room,session_started,True
1227,30,2026-05-12,dashboard,page_view,True
1228,30,2026-05-14,rewards,page_view,True
1229,30,2026-05-15,study_room,session_started,True
1230,30,2026-05-17,promotions,page_view,True
1231,30,2026-05-18,study_room,session_started,True
1232,30,2026-05-19,study_room,session_started,True
1233,30,2026-05-20,study_room,session_started,True
1234,30,2026-05-23,rewards,page_view,True
1235,30,2026-05-27,study_room,session_started,True
1236,30,2026-05-30,study_room,session_started,True
1237,30,2026-05-31,study_room,session_started,True
1238,30,2026-05-31,dashboard,page_view,True
1239,6,2026-04-25,promotions,promotion_viewed,True
1240,7,2026-04-21,promotions,promotion_viewed,True
1241,10,2026-04-21,promotions,promotion_viewed,True
1242,12,2026-04-18,promotions,promotion_viewed,True
1243,12,2026-04-19,promotions,promotion_claimed,True
1244,13,2026-04-19,promotions,promotion_viewed,True
1245,14,2026-04-22,promotions,promotion_viewed,True
1246,14,2026-04-24,promotions,promotion_claimed,True
1247,15,2026-04-25,promotions,promotion_viewed,True
1248,16,2026-04-28,promotions,promotion_viewed,True
1249,16,2026-04-30,promotions,promotion_claimed,True
1250,17,2026-04-25,promotions,promotion_viewed,True
1251,19,2026-04-17,promotions,promotion_viewed,True
1252,19,2026-04-18,promotions,promotion_claimed,True
1253,20,2026-04-17,promotions,promotion_viewed,True
1254,22,2026-04-26,promotions,promotion_viewed,True
1255,22,2026-04-26,promotions,promotion_claimed,True
1256,26,2026-04-14,promotions,promotion_viewed,True
1257,27,2026-04-19,promotions,promotion_viewed,True
1258,3,2026-04-24,promotions,promotion_viewed,True
1259,4,2026-04-29,promotions,promotion_viewed,True
1260,5,2026-04-29,promotions,promotion_viewed,True
1261,5,2026-05-01,promotions,promotion_claimed,True
1262,7,2026-04-22,promotions,promotion_viewed,True
1263,8,2026-05-02,promotions,promotion_viewed,True
1264,8,2026-05-03,promotions,promotion_claimed,True
1265,9,2026-04-30,promotions,promotion_viewed,True
1266,10,2026-04-25,promotions,promotion_viewed,True
1267,10,2026-04-28,promotions,promotion_claimed,True
1268,11,2026-04-23,promotions,promotion_viewed,True
1269,12,2026-05-02,promotions,promotion_viewed,True
1270,13,2026-04-27,promotions,promotion_viewed,True
1271,13,2026-04-28,promotions,promotion_claimed,True
1272,19,2026-05-04,promotions,promotion_viewed,True
1273,20,2026-05-02,promotions,promotion_viewed,True
1274,20,2026-05-02,promotions,promotion_claimed,True
1275,21,2026-05-05,promotions,promotion_viewed,True
1276,22,2026-05-02,promotions,promotion_viewed,True
1277,22,2026-05-05,promotions,promotion_claimed,True
1278,24,2026-04-22,promotions,promotion_viewed,True
1279,25,2026-05-04,promotions,promotion_viewed,True
1280,25,2026-05-04,promotions,promotion_claimed,True
1281,26,2026-04-26,promotions,promotion_viewed,True
1282,27,2026-05-03,promotions,promotion_viewed,True
1283,27,2026-05-03,promotions,promotion_claimed,True
1284,30,2026-04-30,promotions,promotion_viewed,True
1285,1,2026-05-08,promotions,promotion_viewed,True
1286,3,2026-04-29,promotions,promotion_viewed,True
1287,4,2026-05-08,promotions,promotion_viewed,True
1288,8,2026-05-07,promotions,promotion_viewed,True
1289,10,2026-04-30,promotions,promotion_viewed,True
1290,11,2026-05-08,promotions,promotion_viewed,True
1291,11,2026-05-10,promotions,promotion_claimed,True
1292,12,2026-05-12,promotions,promotion_viewed,True
1293,14,2026-05-07,promotions,promotion_viewed,True
1294,15,2026-04-30,promotions,promotion_viewed,True
1295,15,2026-04-30,promotions,promotion_claimed,True
1296,19,2026-04-30,promotions,promotion_viewed,True
1297,20,2026-05-12,promotions,promotion_viewed,True
1298,21,2026-04-28,promotions,promotion_viewed,True
1299,22,2026-04-29,promotions,promotion_viewed,True
1300,22,2026-04-30,promotions,promotion_claimed,True
1301,23,2026-05-01,promotions,promotion_viewed,True
1302,24,2026-04-30,promotions,promotion_viewed,True
1303,24,2026-05-01,promotions,promotion_claimed,True
1304,25,2026-05-12,promotions,promotion_viewed,True
1305,25,2026-05-15,promotions,promotion_claimed,True
1306,28,2026-04-30,promotions,promotion_viewed,True
1307,30,2026-05-07,promotions,promotion_viewed,True
1308,2,2026-04-29,promotions,promotion_viewed,True
1309,3,2026-04-27,promotions,promotion_viewed,True
1310,3,2026-04-29,promotions,promotion_claimed,True
1311,4,2026-04-15,promotions,promotion_viewed,True
1312,4,2026-04-16,promotions,promotion_claimed,True
1313,5,2026-04-26,promotions,promotion_viewed,True
1314,7,2026-04-15,promotions,promotion_viewed,True
1315,11,2026-04-18,promotions,promotion_viewed,True
1316,12,2026-04-21,promotions,promotion_viewed,True
1317,12,2026-04-24,promotions,promotion_claimed,True
1318,13,2026-04-16,promotions,promotion_viewed,True
1319,14,2026-04-27,promotions,promotion_viewed,True
1320,17,2026-04-25,promotions,promotion_viewed,True
1321,19,2026-04-28,promotions,promotion_viewed,True
1322,19,2026-04-29,promotions,promotion_claimed,True
1323,20,2026-04-22,promotions,promotion_viewed,True
1324,20,2026-04-25,promotions,promotion_claimed,True
1325,21,2026-04-23,promotions,promotion_viewed,True
1326,21,2026-04-23,promotions,promotion_claimed,True
1327,24,2026-04-17,promotions,promotion_viewed,True
1328,24,2026-04-18,promotions,promotion_claimed,True
1329,26,2026-04-20,promotions,promotion_viewed,True
1330,28,2026-04-28,promotions,promotion_viewed,True
1331,29,2026-04-19,promotions,promotion_viewed,True
1332,30,2026-04-22,promotions,promotion_viewed,True
1333,30,2026-04-24,promotions,promotion_claimed,True
1334,3,2026-04-29,promotions,promotion_viewed,True
1335,3,2026-04-29,promotions,promotion_claimed,True
1336,5,2026-04-25,promotions,promotion_viewed,True
1337,7,2026-04-27,promotions,promotion_viewed,True
1338,7,2026-04-27,promotions,promotion_claimed,True
1339,8,2026-04-23,promotions,promotion_viewed,True
1340,8,2026-04-25,promotions,promotion_claimed,True
1341,10,2026-04-23,promotions,promotion_viewed,True
1342,10,2026-04-26,promotions,promotion_claimed,True
1343,13,2026-04-25,promotions,promotion_viewed,True
1344,13,2026-04-25,promotions,promotion_claimed,True
1345,16,2026-05-04,promotions,promotion_viewed,True
1346,16,2026-05-05,promotions,promotion_claimed,True
1347,18,2026-05-04,promotions,promotion_viewed,True
1348,19,2026-05-02,promotions,promotion_viewed,True
1349,19,2026-05-02,promotions,promotion_claimed,True
1350,20,2026-04-30,promotions,promotion_viewed,True
1351,23,2026-04-25,promotions,promotion_viewed,True
1352,23,2026-04-28,promotions,promotion_claimed,True
1353,24,2026-04-22,promotions,promotion_viewed,True
1354,25,2026-04-26,promotions,promotion_viewed,True
1355,26,2026-05-01,promotions,promotion_viewed,True
1356,26,2026-05-03,promotions,promotion_claimed,True
1357,27,2026-05-05,promotions,promotion_viewed,True
1358,29,2026-04-30,promotions,promotion_viewed,True
1359,29,2026-05-02,promotions,promotion_claimed,True
1360,30,2026-04-29,promotions,promotion_viewed,True
1361,30,2026-05-02,promotions,promotion_claimed,True
1362,3,2026-05-10,promotions,promotion_viewed,True
1363,3,2026-05-13,promotions,promotion_claimed,True
1364,4,2026-05-07,promotions,promotion_viewed,True
1365,4,2026-05-09,promotions,promotion_claimed,True
1366,5,2026-04-30,promotions,promotion_viewed,True
1367,6,2026-05-12,promotions,promotion_viewed,True
1368,7,2026-04-29,promotions,promotion_viewed,True
1369,7,2026-05-02,promotions,promotion_claimed,True
1370,8,2026-05-12,promotions,promotion_viewed,True
1371,9,2026-05-08,promotions,promotion_viewed,True
1372,10,2026-05-04,promotions,promotion_viewed,True
1373,10,2026-05-04,promotions,promotion_claimed,True
1374,14,2026-05-09,promotions,promotion_viewed,True
1375,14,2026-05-12,promotions,promotion_claimed,True
1376,16,2026-05-08,promotions,promotion_viewed,True
1377,16,2026-05-08,promotions,promotion_claimed,True
1378,18,2026-05-02,promotions,promotion_viewed,True
1379,19,2026-05-10,promotions,promotion_viewed,True
1380,19,2026-05-13,promotions,promotion_claimed,True
1381,21,2026-05-01,promotions,promotion_viewed,True
1382,22,2026-05-10,promotions,promotion_viewed,True
1383,22,2026-05-12,promotions,promotion_claimed,True
1384,24,2026-04-30,promotions,promotion_viewed,True
1385,24,2026-05-01,promotions,promotion_claimed,True
1386,25,2026-05-09,promotions,promotion_viewed,True
1387,25,2026-05-12,promotions,promotion_claimed,True
1388,27,2026-05-04,promotions,promotion_viewed,True
1389,28,2026-05-09,promotions,promotion_viewed,True
1390,3,2026-04-23,promotions,promotion_viewed,True
1391,4,2026-04-27,promotions,promotion_viewed,True
1392,4,2026-04-29,promotions,promotion_claimed,True
1393,5,2026-04-30,promotions,promotion_viewed,True
1394,5,2026-05-02,promotions,promotion_claimed,True
1395,6,2026-04-21,promotions,promotion_viewed,True
1396,6,2026-04-23,promotions,promotion_claimed,True
1397,7,2026-04-25,promotions,promotion_viewed,True
1398,8,2026-04-16,promotions,promotion_viewed,True
1399,9,2026-04-20,promotions,promotion_viewed,True
1400,11,2026-04-28,promotions,promotion_viewed,True
1401,11,2026-05-01,promotions,promotion_claimed,True
1402,12,2026-04-17,promotions,promotion_viewed,True
1403,14,2026-04-29,promotions,promotion_viewed,True
1404,17,2026-04-26,promotions,promotion_viewed,True
1405,17,2026-04-29,promotions,promotion_claimed,True
1406,19,2026-04-30,promotions,promotion_viewed,True
1407,20,2026-04-29,promotions,promotion_viewed,True
1408,20,2026-04-30,promotions,promotion_claimed,True
1409,25,2026-04-24,promotions,promotion_viewed,True
1410,25,2026-04-25,promotions,promotion_claimed,True
1411,26,2026-04-16,promotions,promotion_viewed,True
1412,30,2026-04-17,promotions,promotion_viewed,True
1413,30,2026-04-19,promotions,promotion_claimed,True
1414,1,2026-04-30,promotions,promotion_viewed,True
1415,2,2026-04-29,promotions,promotion_viewed,True
1416,2,2026-05-02,promotions,promotion_claimed,True
1417,4,2026-04-25,promotions,promotion_viewed,True
1418,5,2026-04-29,promotions,promotion_viewed,True
1419,6,2026-05-02,promotions,promotion_viewed,True
1420,7,2026-04-26,promotions,promotion_viewed,True
1421,7,2026-04-29,promotions,promotion_claimed,True
1422,8,2026-05-03,promotions,promotion_viewed,True
1423,9,2026-04-26,promotions,promotion_viewed,True
1424,9,2026-04-26,promotions,promotion_claimed,True
1425,10,2026-04-28,promotions,promotion_viewed,True
1426,12,2026-04-25,promotions,promotion_viewed,True
1427,14,2026-05-03,promotions,promotion_viewed,True
1428,17,2026-04-23,promotions,promotion_viewed,True
1429,17,2026-04-24,promotions,promotion_claimed,True
1430,19,2026-05-04,promotions,promotion_viewed,True
1431,20,2026-04-30,promotions,promotion_viewed,True
1432,20,2026-05-01,promotions,promotion_claimed,True
1433,21,2026-05-01,promotions,promotion_viewed,True
1434,22,2026-04-30,promotions,promotion_viewed,True
1435,26,2026-05-07,promotions,promotion_viewed,True
1436,27,2026-04-25,promotions,promotion_viewed,True
1437,27,2026-04-26,promotions,promotion_claimed,True
1438,29,2026-05-03,promotions,promotion_viewed,True
1439,30,2026-05-03,promotions,promotion_viewed,True
1440,30,2026-05-05,promotions,promotion_claimed,True
1441,3,2026-05-06,promotions,promotion_viewed,True
1442,6,2026-05-09,promotions,promotion_viewed,True
1443,7,2026-05-08,promotions,promotion_viewed,True
1444,8,2026-05-11,promotions,promotion_viewed,True
1445,8,2026-05-12,promotions,promotion_claimed,True
1446,9,2026-05-07,promotions,promotion_viewed,True
1447,10,2026-05-05,promotions,promotion_viewed,True
1448,11,2026-05-04,promotions,promotion_viewed,True
1449,11,2026-05-06,promotions,promotion_claimed,True
1450,16,2026-05-08,promotions,promotion_viewed,True
1451,17,2026-05-05,promotions,promotion_viewed,True
1452,19,2026-05-06,promotions,promotion_viewed,True
1453,23,2026-05-09,promotions,promotion_viewed,True
1454,23,2026-05-11,promotions,promotion_claimed,True
1455,24,2026-05-08,promotions,promotion_viewed,True
1456,24,2026-05-09,promotions,promotion_claimed,True
1457,26,2026-05-02,promotions,promotion_viewed,True
1458,26,2026-05-03,promotions,promotion_claimed,True
1459,30,2026-05-02,promotions,promotion_viewed,True
1460,30,2026-05-02,promotions,promotion_claimed,True
1461,2,2026-04-23,promotions,promotion_viewed,True
1462,2,2026-04-25,promotions,promotion_claimed,True
1463,3,2026-04-19,promotions,promotion_viewed,True
1464,3,2026-04-21,promotions,promotion_claimed,True
1465,6,2026-04-17,promotions,promotion_viewed,True
1466,8,2026-04-25,promotions,promotion_viewed,True
1467,9,2026-04-27,promotions,promotion_viewed,True
1468,11,2026-04-19,promotions,promotion_viewed,True
1469,11,2026-04-20,promotions,promotion_claimed,True
1470,14,2026-04-27,promotions,promotion_viewed,True
1471,16,2026-05-01,promotions,promotion_viewed,True
1472,17,2026-04-26,promotions,promotion_viewed,True
1473,18,2026-04-24,promotions,promotion_viewed,True
1474,19,2026-04-29,promotions,promotion_viewed,True
1475,19,2026-05-02,promotions,promotion_claimed,True
1476,20,2026-04-28,promotions,promotion_viewed,True
1477,21,2026-04-27,promotions,promotion_viewed,True
1478,23,2026-04-24,promotions,promotion_viewed,True
1479,26,2026-04-25,promotions,promotion_viewed,True
1480,28,2026-04-25,promotions,promotion_viewed,True
1481,30,2026-04-24,promotions,promotion_viewed,True
1482,1,2026-04-30,promotions,promotion_viewed,True
1483,1,2026-04-30,promotions,promotion_claimed,True
1484,3,2026-05-04,promotions,promotion_viewed,True
1485,5,2026-05-06,promotions,promotion_viewed,True
1486,7,2026-04-30,promotions,promotion_viewed,True
1487,8,2026-04-26,promotions,promotion_viewed,True
1488,12,2026-04-29,promotions,promotion_viewed,True
1489,16,2026-04-25,promotions,promotion_viewed,True
1490,18,2026-05-05,promotions,promotion_viewed,True
1491,20,2026-04-26,promotions,promotion_viewed,True
1492,21,2026-05-06,promotions,promotion_viewed,True
1493,21,2026-05-08,promotions,promotion_claimed,True
1494,23,2026-05-07,promotions,promotion_viewed,True
1495,23,2026-05-07,promotions,promotion_claimed,True
1496,26,2026-04-26,promotions,promotion_viewed,True
1497,26,2026-04-27,promotions,promotion_claimed,True
1498,27,2026-05-06,promotions,promotion_viewed,True
1499,27,2026-05-09,promotions,promotion_claimed,True
1500,28,2026-05-06,promotions,promotion_viewed,True
1501,28,2026-05-09,promotions,promotion_claimed,True
1502,30,2026-05-01,promotions,promotion_viewed,True
1503,30,2026-05-01,promotions,promotion_claimed,True
1504,3,2026-05-03,promotions,promotion_viewed,True
1505,3,2026-05-05,promotions,promotion_claimed,True
1506,6,2026-05-15,promotions,promotion_viewed,True
1507,6,2026-05-15,promotions,promotion_claimed,True
1508,7,2026-05-05,promotions,promotion_viewed,True
1509,11,2026-05-08,promotions,promotion_viewed,True
1510,12,2026-05-01,promotions,promotion_viewed,True
1511,12,2026-05-03,promotions,promotion_claimed,True
1512,16,2026-05-08,promotions,promotion_viewed,True
1513,16,2026-05-10,promotions,promotion_claimed,True
1514,17,2026-05-12,promotions,promotion_viewed,True
1515,17,2026-05-12,promotions,promotion_claimed,True
1516,19,2026-05-02,promotions,promotion_viewed,True
1517,23,2026-05-10,promotions,promotion_viewed,True
1518,24,2026-05-10,promotions,promotion_viewed,True
1519,25,2026-05-03,promotions,promotion_viewed,True
1520,26,2026-05-12,promotions,promotion_viewed,True
1521,27,2026-05-03,promotions,promotion_viewed,True
1522,28,2026-05-05,promotions,promotion_viewed,True
1523,29,2026-05-01,promotions,promotion_viewed,True
